borough,month,n,median_min,p90_min,mean_min
BARKING AND DAGENHAM,2023-01,291,5.8,8.833333333333334,5.992955326460481
BARKING AND DAGENHAM,2023-02,199,5.866666666666666,9.543333333333335,6.2360134003350085
BARKING AND DAGENHAM,2023-03,264,5.875,9.32166666666667,6.284974747474748
BARKING AND DAGENHAM,2023-04,247,5.783333333333333,8.393333333333334,5.96140350877193
BARKING AND DAGENHAM,2023-05,304,5.708333333333334,9.228333333333332,6.103728070175438
BARKING AND DAGENHAM,2023-06,319,6.216666666666667,10.209999999999999,6.618861024033437
BARKING AND DAGENHAM,2023-07,262,5.766666666666667,8.941666666666668,6.168638676844784
BARKING AND DAGENHAM,2023-08,277,5.766666666666667,8.806666666666667,5.896269554753309
BARKING AND DAGENHAM,2023-09,307,6.266666666666667,9.400000000000002,6.457654723127036
BARKING AND DAGENHAM,2023-10,281,6.05,9.4,6.452135231316726
BARKING AND DAGENHAM,2023-11,329,5.916666666666667,9.29,6.282826747720366
BARKING AND DAGENHAM,2023-12,312,5.916666666666667,8.965,6.358493589743589
BARKING AND DAGENHAM,2024-01,326,5.783333333333333,10.041666666666668,6.3218302658486705
BARKING AND DAGENHAM,2024-02,302,6.016666666666667,9.548333333333334,6.419757174392936
BARKING AND DAGENHAM,2024-03,308,6.15,9.636666666666668,6.602435064935065
BARKING AND DAGENHAM,2024-04,291,5.983333333333333,9.15,6.112084765177548
BARKING AND DAGENHAM,2024-05,301,6.183333333333334,9.35,6.502380952380952
BARKING AND DAGENHAM,2024-06,248,6.125,10.083333333333336,6.539717741935483
BARKING AND DAGENHAM,2024-07,347,6.033333333333333,10.086666666666668,6.629106628242075
BARKING AND DAGENHAM,2024-08,311,5.983333333333333,9.85,6.556109324758842
BARKING AND DAGENHAM,2024-09,311,6.0,9.633333333333333,6.505359056806002
BARKING AND DAGENHAM,2024-10,341,6.133333333333334,9.966666666666667,6.532258064516129
BARKING AND DAGENHAM,2024-11,363,6.2,9.686666666666667,6.571533516988063
BARKING AND DAGENHAM,2024-12,298,5.766666666666667,9.396666666666668,6.324832214765101
BARNET,2023-01,491,5.833333333333333,9.433333333333334,6.225526137135098
BARNET,2023-02,468,6.05,9.736666666666668,6.467877492877493
BARNET,2023-03,535,6.333333333333333,10.45,6.748348909657321
BARNET,2023-04,470,5.8583333333333325,8.560000000000002,5.971099290780142
BARNET,2023-05,498,6.283333333333333,9.653333333333334,6.605354752342704
BARNET,2023-06,607,6.2,10.356666666666666,6.618039538714992
BARNET,2023-07,516,6.091666666666667,9.916666666666666,6.508397932816537
BARNET,2023-08,503,5.8,9.09,6.265043074884029
BARNET,2023-09,559,6.516666666666667,10.256666666666666,6.844007155635063
BARNET,2023-10,589,6.25,10.72,6.724646293152236
BARNET,2023-11,550,6.316666666666666,10.270000000000001,6.826484848484848
BARNET,2023-12,533,6.183333333333334,10.233333333333334,6.643339587242027
BARNET,2024-01,602,6.008333333333333,9.45,6.367414174972315
BARNET,2024-02,504,6.083333333333333,9.561666666666666,6.4270171957671955
BARNET,2024-03,539,5.75,9.969999999999999,6.2760049474335196
BARNET,2024-04,524,5.916666666666667,9.066666666666666,6.1689567430025445
BARNET,2024-05,457,5.75,9.17666666666667,6.060357403355216
BARNET,2024-06,586,6.1416666666666675,10.208333333333332,6.5324800910125145
BARNET,2024-07,529,6.233333333333333,10.56,6.740296156269691
BARNET,2024-08,551,6.116666666666666,9.416666666666666,6.372897761645493
BARNET,2024-09,599,6.05,10.14,6.483973288814691
BARNET,2024-10,583,5.933333333333334,9.663333333333334,6.382532875929103
BARNET,2024-11,500,6.058333333333334,10.028333333333336,6.469966666666666
BARNET,2024-12,518,6.058333333333334,9.548333333333334,6.428249678249679
BEXLEY,2023-01,287,5.766666666666667,10.153333333333334,6.224738675958188
BEXLEY,2023-02,273,5.916666666666667,9.370000000000001,6.206898656898657
BEXLEY,2023-03,257,5.966666666666667,10.030000000000001,6.318417639429312
BEXLEY,2023-04,230,5.625,8.721666666666666,5.801231884057971
BEXLEY,2023-05,281,5.766666666666667,9.3,6.1958481613285885
BEXLEY,2023-06,335,5.8,9.723333333333334,6.108805970149254
BEXLEY,2023-07,280,5.683333333333334,8.933333333333334,6.02625
BEXLEY,2023-08,294,5.775,9.285,6.211451247165533
BEXLEY,2023-09,295,5.85,9.570000000000002,6.134011299435028
BEXLEY,2023-10,311,6.05,9.866666666666667,6.378992497320471
BEXLEY,2023-11,317,6.283333333333333,10.260000000000002,6.581598317560463
BEXLEY,2023-12,275,6.05,9.633333333333331,6.409939393939394
BEXLEY,2024-01,317,6.316666666666666,10.486666666666668,6.7364879074658255
BEXLEY,2024-02,261,6.016666666666667,10.083333333333334,6.421583652618136
BEXLEY,2024-03,271,6.216666666666667,10.383333333333333,6.767712177121771
BEXLEY,2024-04,265,6.15,9.469999999999999,6.422830188679245
BEXLEY,2024-05,295,6.583333333333333,10.206666666666672,6.8636158192090395
BEXLEY,2024-06,361,5.866666666666666,10.183333333333334,6.343028624192059
BEXLEY,2024-07,324,6.1,10.035,6.291203703703704
BEXLEY,2024-08,377,5.95,10.253333333333337,6.425817860300619
BEXLEY,2024-09,285,6.133333333333334,9.479999999999999,6.364912280701755
BEXLEY,2024-10,307,6.116666666666666,9.543333333333338,6.45472312703583
BEXLEY,2024-11,227,5.95,9.030000000000001,6.373715124816446
BEXLEY,2024-12,272,6.2,9.093333333333334,6.217340686274509
BRENT,2023-01,484,6.116666666666666,9.856666666666667,6.523691460055097
BRENT,2023-02,421,6.116666666666666,9.616666666666667,6.375336500395884
BRENT,2023-03,446,6.091666666666667,9.716666666666665,6.42432735426009
BRENT,2023-04,448,6.083333333333333,9.326666666666666,6.403459821428571
BRENT,2023-05,448,5.95,9.36,6.26484375
BRENT,2023-06,461,6.133333333333334,9.466666666666667,6.3721619667389735
BRENT,2023-07,509,6.3,9.65,6.6189259986902425
BRENT,2023-08,533,6.316666666666666,10.030000000000001,6.723139462163853
BRENT,2023-09,471,6.25,9.85,6.575053078556263
BRENT,2023-10,515,6.516666666666667,10.100000000000001,6.695954692556634
BRENT,2023-11,488,6.566666666666666,10.135000000000002,6.811987704918033
BRENT,2023-12,519,6.033333333333333,9.32,6.408895311496468
BRENT,2024-01,581,6.3,10.05,6.774784853700517
BRENT,2024-02,521,6.4,9.65,6.606206014075497
BRENT,2024-03,478,6.125,9.205,6.289714086471408
BRENT,2024-04,479,6.183333333333334,9.486666666666666,6.483089770354907
BRENT,2024-05,470,6.2,10.033333333333333,6.493829787234042
BRENT,2024-06,526,6.133333333333334,10.108333333333334,6.467522179974651
BRENT,2024-07,528,6.016666666666667,9.788333333333334,6.381628787878788
BRENT,2024-08,558,6.25,9.521666666666668,6.5256869772998805
BRENT,2024-09,714,6.566666666666666,9.695,6.760037348272643
BRENT,2024-10,568,6.133333333333334,9.698333333333334,6.472359154929578
BRENT,2024-11,505,5.966666666666667,9.360000000000001,6.368547854785478
BRENT,2024-12,498,6.408333333333333,9.705,6.647088353413655
BROMLEY,2023-01,391,6.016666666666667,9.483333333333333,6.302770673486786
BROMLEY,2023-02,334,6.175000000000001,9.728333333333332,6.461027944111776
BROMLEY,2023-03,344,6.324999999999999,10.683333333333334,6.67281976744186
BROMLEY,2023-04,344,6.074999999999999,9.406666666666666,6.304554263565892
BROMLEY,2023-05,338,5.808333333333334,9.536666666666669,6.225739644970415
BROMLEY,2023-06,389,6.1,9.76,6.3217223650385606
BROMLEY,2023-07,443,6.216666666666667,9.96,6.51790820165538
BROMLEY,2023-08,380,6.225,10.255,6.579122807017543
BROMLEY,2023-09,510,6.324999999999999,10.768333333333334,6.731535947712419
BROMLEY,2023-10,427,6.2,9.82666666666667,6.429469164715066
BROMLEY,2023-11,357,6.3,10.516666666666667,6.613725490196078
BROMLEY,2023-12,446,6.333333333333333,10.55,6.576532137518685
BROMLEY,2024-01,428,6.3,10.000000000000002,6.552102803738318
BROMLEY,2024-02,346,6.133333333333333,9.883333333333333,6.456888246628131
BROMLEY,2024-03,398,6.225,9.916666666666666,6.504815745393635
BROMLEY,2024-04,386,6.0,9.491666666666667,6.216623488773748
BROMLEY,2024-05,428,6.191666666666666,10.11,6.4841900311526475
BROMLEY,2024-06,418,6.191666666666666,9.916666666666666,6.520215311004784
BROMLEY,2024-07,516,6.574999999999999,10.683333333333334,7.07296511627907
BROMLEY,2024-08,492,6.166666666666667,10.760000000000003,6.6642276422764235
BROMLEY,2024-09,445,6.4,10.366666666666669,6.570823970037454
BROMLEY,2024-10,444,6.25,9.476666666666665,6.460960960960961
BROMLEY,2024-11,430,6.566666666666666,11.146666666666674,6.951782945736435
BROMLEY,2024-12,414,6.333333333333333,9.768333333333333,6.608091787439614
CAMDEN,2023-01,616,5.466666666666667,8.808333333333334,5.758414502164502
CAMDEN,2023-02,635,5.383333333333334,8.353333333333335,5.590498687664042
CAMDEN,2023-03,704,5.383333333333334,8.761666666666668,5.748461174242424
CAMDEN,2023-04,645,5.35,8.453333333333335,5.595426356589147
CAMDEN,2023-05,723,5.333333333333333,8.446666666666667,5.587989857076995
CAMDEN,2023-06,764,5.583333333333333,9.195,6.006784467713787
CAMDEN,2023-07,725,5.283333333333333,8.636666666666668,5.5647816091954025
CAMDEN,2023-08,576,5.375,8.258333333333333,5.5552372685185185
CAMDEN,2023-09,745,5.65,8.986666666666668,5.880872483221476
CAMDEN,2023-10,828,5.591666666666667,9.25,5.960124798711756
CAMDEN,2023-11,794,5.933333333333334,9.6,6.254890848026868
CAMDEN,2023-12,749,5.6,8.666666666666666,5.7916332888295505
CAMDEN,2024-01,745,5.316666666666666,8.886666666666668,5.700380313199106
CAMDEN,2024-02,624,5.55,9.083333333333334,5.921420940170941
CAMDEN,2024-03,738,5.383333333333334,8.410000000000002,5.660794941282747
CAMDEN,2024-04,678,5.483333333333333,8.71833333333334,5.829473942969518
CAMDEN,2024-05,687,5.6,9.056666666666665,5.9515283842794755
CAMDEN,2024-06,671,5.716666666666667,9.516666666666667,6.094883258817685
CAMDEN,2024-07,726,5.583333333333333,8.833333333333334,6.002548209366392
CAMDEN,2024-08,659,5.583333333333333,8.72,5.907536671724835
CAMDEN,2024-09,761,5.566666666666666,8.683333333333334,5.847525186158562
CAMDEN,2024-10,913,5.683333333333334,9.496666666666668,6.112687112084703
CAMDEN,2024-11,937,5.8,9.743333333333332,6.227303450729278
CAMDEN,2024-12,697,5.716666666666667,9.213333333333331,6.054519368723099
CITY OF LONDON,2023-01,126,5.091666666666667,7.491666666666667,5.453042328042328
CITY OF LONDON,2023-02,116,5.125,7.508333333333333,5.285775862068966
CITY OF LONDON,2023-03,122,5.083333333333333,7.380000000000001,5.325546448087432
CITY OF LONDON,2023-04,127,5.0,7.646666666666667,5.351837270341207
CITY OF LONDON,2023-05,102,4.916666666666667,7.3116666666666665,5.148529411764706
CITY OF LONDON,2023-06,134,4.958333333333334,8.551666666666668,5.3858208955223885
CITY OF LONDON,2023-07,117,4.65,7.333333333333334,5.019230769230769
CITY OF LONDON,2023-08,109,4.916666666666667,7.82,5.364067278287461
CITY OF LONDON,2023-09,144,4.9,7.968333333333335,5.338310185185185
CITY OF LONDON,2023-10,194,5.533333333333333,8.401666666666667,5.859450171821306
CITY OF LONDON,2023-11,143,4.833333333333333,7.313333333333333,5.005011655011655
CITY OF LONDON,2023-12,143,5.2,8.176666666666666,5.53041958041958
CITY OF LONDON,2024-01,161,5.683333333333334,8.433333333333334,5.8723602484472055
CITY OF LONDON,2024-02,149,5.233333333333333,8.336666666666668,5.597539149888143
CITY OF LONDON,2024-03,119,4.866666666666666,7.323333333333333,5.221848739495798
CITY OF LONDON,2024-04,153,5.383333333333334,8.363333333333333,5.525272331154684
CITY OF LONDON,2024-05,137,5.766666666666667,8.863333333333333,5.999756690997567
CITY OF LONDON,2024-06,188,5.266666666666667,9.611666666666668,5.831560283687943
CITY OF LONDON,2024-07,150,5.316666666666666,8.415,5.768000000000001
CITY OF LONDON,2024-08,169,5.1,8.420000000000003,5.619132149901381
CITY OF LONDON,2024-09,138,5.166666666666667,8.361666666666666,5.551328502415459
CITY OF LONDON,2024-10,146,5.691666666666666,8.291666666666668,5.997602739726028
CITY OF LONDON,2024-11,106,5.608333333333333,8.766666666666666,6.0322327044025155
CITY OF LONDON,2024-12,128,5.5,8.888333333333334,6.100130208333334
CROYDON,2023-01,698,5.333333333333333,8.871666666666668,5.801193887297039
CROYDON,2023-02,629,5.666666666666667,9.336666666666668,5.998145204027558
CROYDON,2023-03,623,5.166666666666667,8.966666666666667,5.772659176029963
CROYDON,2023-04,705,5.65,8.710000000000003,5.847801418439716
CROYDON,2023-05,693,5.5,9.03333333333334,5.851154401154401
CROYDON,2023-06,725,5.6,9.303333333333335,5.982114942528736
CROYDON,2023-07,675,5.6,9.73,6.1308641975308635
CROYDON,2023-08,784,5.85,10.078333333333335,6.4011054421768705
CROYDON,2023-09,676,5.7,9.683333333333334,6.063856015779093
CROYDON,2023-10,743,5.7,9.7,6.129699416778824
CROYDON,2023-11,871,5.816666666666666,10.166666666666666,6.425736701109836
CROYDON,2023-12,763,5.533333333333333,9.323333333333338,5.956837046745304
CROYDON,2024-01,720,5.916666666666667,9.451666666666666,6.123587962962963
CROYDON,2024-02,693,5.583333333333333,8.726666666666668,5.814670514670515
CROYDON,2024-03,800,5.633333333333333,8.818333333333333,5.918520833333333
CROYDON,2024-04,685,5.466666666666667,9.166666666666666,5.931581508515815
CROYDON,2024-05,695,5.616666666666666,9.303333333333335,6.036067146282973
CROYDON,2024-06,731,5.533333333333333,9.533333333333333,5.9164386684906525
CROYDON,2024-07,754,5.65,9.156666666666668,6.090959328028293
CROYDON,2024-08,712,5.341666666666667,9.165,5.849414794007491
CROYDON,2024-09,698,5.616666666666666,9.016666666666667,5.927960840496657
CROYDON,2024-10,653,5.483333333333333,9.13,5.949004594180704
CROYDON,2024-11,766,5.566666666666666,9.666666666666666,6.118494342906875
CROYDON,2024-12,622,5.266666666666667,8.865,5.714790996784566
EALING,2023-01,491,5.65,9.283333333333333,6.005159538357094
EALING,2023-02,460,5.683333333333334,9.203333333333333,6.002391304347826
EALING,2023-03,507,6.05,9.850000000000003,6.39404996712689
EALING,2023-04,430,5.824999999999999,8.988333333333333,6.063527131782946
EALING,2023-05,528,5.95,9.416666666666666,6.224242424242425
EALING,2023-06,544,5.941666666666666,10.133333333333333,6.392524509803922
EALING,2023-07,566,6.458333333333334,10.5,6.711896348645466
EALING,2023-08,580,6.05,10.066666666666666,6.360977011494253
EALING,2023-09,506,6.016666666666667,9.766666666666666,6.3279973649538865
EALING,2023-10,623,6.35,10.223333333333336,6.669261637239165
EALING,2023-11,626,6.2,9.75,6.428966986155484
EALING,2023-12,608,6.208333333333334,10.098333333333336,6.503618421052631
EALING,2024-01,595,6.166666666666667,9.8,6.401008403361344
EALING,2024-02,425,5.8,9.343333333333334,6.084196078431373
EALING,2024-03,479,6.166666666666667,10.453333333333333,6.564926931106472
EALING,2024-04,495,5.883333333333334,9.273333333333335,6.1
EALING,2024-05,570,6.008333333333333,9.623333333333335,6.36233918128655
EALING,2024-06,565,6.15,10.333333333333334,6.5237463126843656
EALING,2024-07,584,6.25,9.783333333333333,6.42388698630137
EALING,2024-08,582,6.183333333333334,10.2,6.48127147766323
EALING,2024-09,591,6.133333333333334,10.033333333333333,6.499830795262268
EALING,2024-10,606,6.241666666666667,10.125,6.557535753575357
EALING,2024-11,588,5.9,9.548333333333337,6.213832199546485
EALING,2024-12,566,6.4,9.858333333333334,6.52859246171967
ENFIELD,2023-01,380,5.824999999999999,9.133333333333333,6.174298245614034
ENFIELD,2023-02,350,6.275,10.521666666666668,6.748380952380953
ENFIELD,2023-03,379,6.283333333333333,10.223333333333333,6.824362357080036
ENFIELD,2023-04,372,6.166666666666667,9.866666666666667,6.56747311827957
ENFIELD,2023-05,389,6.016666666666667,10.233333333333333,6.468080548414739
ENFIELD,2023-06,477,6.133333333333334,10.456666666666667,6.656988120195667
ENFIELD,2023-07,466,6.058333333333334,10.075,6.518884120171674
ENFIELD,2023-08,396,6.258333333333333,10.166666666666668,6.6788720538720545
ENFIELD,2023-09,480,6.191666666666666,9.825000000000001,6.463854166666667
ENFIELD,2023-10,462,6.074999999999999,10.273333333333342,6.667568542568542
ENFIELD,2023-11,424,6.233333333333333,9.969999999999999,6.500353773584906
ENFIELD,2023-12,482,6.366666666666666,10.525000000000002,6.8356154910096825
ENFIELD,2024-01,506,5.85,9.391666666666666,6.314196310935441
ENFIELD,2024-02,352,5.866666666666666,8.973333333333336,6.093087121212122
ENFIELD,2024-03,439,5.966666666666667,10.11,6.447038724373576
ENFIELD,2024-04,353,6.266666666666667,10.070000000000002,6.481255901794145
ENFIELD,2024-05,455,6.233333333333333,9.893333333333334,6.584102564102564
ENFIELD,2024-06,450,6.324999999999999,10.471666666666668,6.723592592592593
ENFIELD,2024-07,473,6.5,10.833333333333334,6.936046511627907
ENFIELD,2024-08,434,6.25,9.763333333333332,6.521006144393241
ENFIELD,2024-09,375,6.366666666666666,10.186666666666667,6.643422222222222
ENFIELD,2024-10,422,6.316666666666666,10.505000000000004,6.779107424960506
ENFIELD,2024-11,440,6.666666666666667,10.386666666666667,6.984583333333333
ENFIELD,2024-12,422,6.433333333333334,10.32666666666667,6.801303317535545
GREENWICH,2023-01,417,5.5,9.140000000000002,5.828537170263789
GREENWICH,2023-02,407,5.55,9.33,6.012121212121213
GREENWICH,2023-03,418,5.616666666666666,9.166666666666666,5.929226475279107
GREENWICH,2023-04,478,5.5,9.420000000000002,5.944037656903766
GREENWICH,2023-05,481,5.533333333333333,8.933333333333334,5.816632016632017
GREENWICH,2023-06,538,5.85,9.538333333333334,6.224845105328376
GREENWICH,2023-07,553,5.7,9.046666666666667,6.05042194092827
GREENWICH,2023-08,524,6.0,9.323333333333334,6.262086513994912
GREENWICH,2023-09,521,5.9,9.766666666666667,6.280294305822137
GREENWICH,2023-10,529,5.783333333333333,9.893333333333333,6.2765595463138
GREENWICH,2023-11,490,5.9,9.353333333333333,6.192993197278912
GREENWICH,2023-12,465,5.866666666666666,8.930000000000001,6.078243727598566
GREENWICH,2024-01,507,6.166666666666667,10.246666666666668,6.561604207758053
GREENWICH,2024-02,548,5.666666666666667,9.435000000000002,6.0351885644768855
GREENWICH,2024-03,457,5.616666666666666,9.283333333333333,6.056163384390955
GREENWICH,2024-04,470,5.916666666666667,9.760000000000002,6.3069503546099295
GREENWICH,2024-05,516,5.933333333333334,9.850000000000001,6.393733850129198
GREENWICH,2024-06,531,6.0,10.266666666666667,6.499811676082863
GREENWICH,2024-07,555,5.716666666666667,9.893333333333334,6.239189189189189
GREENWICH,2024-08,592,5.95,9.983333333333333,6.342595720720721
GREENWICH,2024-09,531,5.766666666666667,9.383333333333333,6.1268675455116135
GREENWICH,2024-10,461,5.533333333333333,9.466666666666667,5.985321764280549
GREENWICH,2024-11,542,5.275,8.346666666666668,5.585332103321033
GREENWICH,2024-12,479,5.533333333333333,9.053333333333331,5.981384829505916
HACKNEY,2023-01,576,5.3,8.425,5.6264467592592595
HACKNEY,2023-02,511,5.2,8.316666666666666,5.411187214611872
HACKNEY,2023-03,517,5.316666666666666,8.070000000000002,5.540522243713733
HACKNEY,2023-04,547,5.2,7.906666666666667,5.443235831809872
HACKNEY,2023-05,668,5.083333333333333,7.7983333333333364,5.325723552894212
HACKNEY,2023-06,667,5.516666666666667,8.616666666666667,5.835407296351824
HACKNEY,2023-07,604,5.366666666666666,8.195,5.5589955849889625
HACKNEY,2023-08,607,5.283333333333333,8.233333333333333,5.645634266886327
HACKNEY,2023-09,602,5.441666666666666,8.316666666666666,5.666417497231451
HACKNEY,2023-10,627,5.55,8.623333333333331,5.9089845826687935
HACKNEY,2023-11,655,5.483333333333333,8.876666666666667,5.899312977099237
HACKNEY,2023-12,702,5.658333333333333,8.8,6.002374169040836
HACKNEY,2024-01,714,5.533333333333333,9.440000000000001,6.015873015873016
HACKNEY,2024-02,627,5.183333333333334,7.989999999999999,5.415576820839979
HACKNEY,2024-03,657,5.383333333333334,7.876666666666665,5.5159817351598175
HACKNEY,2024-04,559,5.266666666666667,8.723333333333333,5.580143112701252
HACKNEY,2024-05,654,5.35,8.345,5.721355759429154
HACKNEY,2024-06,605,5.5,8.5,5.786060606060606
HACKNEY,2024-07,651,5.45,8.633333333333333,5.805043522785459
HACKNEY,2024-08,708,5.466666666666667,8.788333333333334,5.76066384180791
HACKNEY,2024-09,729,5.65,8.690000000000001,5.9120484682213075
HACKNEY,2024-10,755,5.583333333333333,8.593333333333334,5.735695364238411
HACKNEY,2024-11,574,5.516666666666667,8.945,5.885249709639953
HACKNEY,2024-12,613,5.55,8.75,5.8868950516585095
HAMMERSMITH AND FULHAM,2023-01,436,5.233333333333333,8.1,5.489564220183486
HAMMERSMITH AND FULHAM,2023-02,397,5.183333333333334,8.710000000000003,5.542905121746432
HAMMERSMITH AND FULHAM,2023-03,453,5.35,8.2,5.569536423841059
HAMMERSMITH AND FULHAM,2023-04,464,5.008333333333333,7.933333333333334,5.330387931034483
HAMMERSMITH AND FULHAM,2023-05,443,5.05,7.54,5.245410082768999
HAMMERSMITH AND FULHAM,2023-06,436,5.308333333333334,8.691666666666666,5.726337920489296
HAMMERSMITH AND FULHAM,2023-07,472,5.266666666666667,9.053333333333338,5.80247175141243
HAMMERSMITH AND FULHAM,2023-08,572,5.1,8.196666666666665,5.491462703962704
HAMMERSMITH AND FULHAM,2023-09,560,5.425000000000001,8.751666666666667,5.82077380952381
HAMMERSMITH AND FULHAM,2023-10,510,5.483333333333333,9.266666666666667,5.92797385620915
HAMMERSMITH AND FULHAM,2023-11,497,5.666666666666667,9.066666666666666,6.057276995305164
HAMMERSMITH AND FULHAM,2023-12,533,5.383333333333334,8.563333333333334,5.6923076923076925
HAMMERSMITH AND FULHAM,2024-01,490,5.583333333333333,8.836666666666668,6.006836734693877
HAMMERSMITH AND FULHAM,2024-02,496,5.166666666666667,8.016666666666666,5.466834677419355
HAMMERSMITH AND FULHAM,2024-03,423,5.333333333333333,8.220000000000002,5.540819542947203
HAMMERSMITH AND FULHAM,2024-04,520,5.366666666666666,8.335,5.651634615384615
HAMMERSMITH AND FULHAM,2024-05,467,5.35,8.286666666666669,5.541613133476089
HAMMERSMITH AND FULHAM,2024-06,571,5.25,8.383333333333333,5.554028021015761
HAMMERSMITH AND FULHAM,2024-07,571,5.0,7.933333333333334,5.261266783420899
HAMMERSMITH AND FULHAM,2024-08,474,5.216666666666667,7.995,5.556786216596342
HAMMERSMITH AND FULHAM,2024-09,569,5.483333333333333,9.036666666666667,5.79879906268307
HAMMERSMITH AND FULHAM,2024-10,532,5.35,8.788333333333338,5.669956140350877
HAMMERSMITH AND FULHAM,2024-11,568,5.475,8.758333333333333,5.80575117370892
HAMMERSMITH AND FULHAM,2024-12,442,5.316666666666666,8.615,5.633107088989442
HARINGEY,2023-01,506,5.383333333333334,8.016666666666667,5.584584980237154
HARINGEY,2023-02,371,5.466666666666667,8.366666666666667,5.721877807726864
HARINGEY,2023-03,427,5.283333333333333,8.376666666666669,5.639188134270102
HARINGEY,2023-04,380,5.466666666666667,8.268333333333334,5.734473684210526
HARINGEY,2023-05,415,5.366666666666666,8.33666666666667,5.601164658634538
HARINGEY,2023-06,484,5.766666666666667,8.84,6.001480716253443
HARINGEY,2023-07,442,5.525,8.7,5.928733031674208
HARINGEY,2023-08,408,5.616666666666666,8.16,5.892606209150327
HARINGEY,2023-09,448,5.625,9.47,6.063467261904762
HARINGEY,2023-10,512,5.541666666666666,8.563333333333334,5.787239583333333
HARINGEY,2023-11,498,5.716666666666667,9.021666666666668,5.99367469879518
HARINGEY,2023-12,464,5.175000000000001,8.566666666666666,5.591127873563218
HARINGEY,2024-01,523,5.666666666666667,8.693333333333333,5.905513065646909
HARINGEY,2024-02,385,5.433333333333334,8.326666666666668,5.694935064935065
HARINGEY,2024-03,463,5.483333333333333,8.166666666666666,5.6761699064074875
HARINGEY,2024-04,421,5.3,8.533333333333333,5.661203483768805
HARINGEY,2024-05,426,5.616666666666666,8.983333333333334,5.910406885758999
HARINGEY,2024-06,458,5.541666666666666,8.825000000000001,5.877256186317322
HARINGEY,2024-07,507,5.483333333333333,8.816666666666666,5.93543721236029
HARINGEY,2024-08,497,5.583333333333333,8.64,5.803722334004024
HARINGEY,2024-09,503,5.316666666666666,8.396666666666667,5.786713055003314
HARINGEY,2024-10,527,5.616666666666666,9.24,5.887318153067679
HARINGEY,2024-11,424,5.6083333333333325,8.785,6.0179245283018865
HARINGEY,2024-12,424,5.733333333333333,8.561666666666666,6.010455974842768
HARROW,2023-01,251,5.866666666666666,9.616666666666667,6.28207171314741
HARROW,2023-02,221,6.266666666666667,9.516666666666667,6.584238310708899
HARROW,2023-03,230,5.708333333333334,10.218333333333334,6.3699275362318835
HARROW,2023-04,188,5.808333333333334,9.260000000000005,6.11427304964539
HARROW,2023-05,238,5.983333333333333,9.421666666666667,6.366666666666666
HARROW,2023-06,268,6.383333333333333,11.175,6.822699004975124
HARROW,2023-07,296,6.6,10.491666666666667,6.9697072072072075
HARROW,2023-08,246,6.008333333333333,9.458333333333332,6.28170731707317
HARROW,2023-09,254,6.533333333333333,10.536666666666669,6.97244094488189
HARROW,2023-10,302,6.383333333333334,10.05,6.64635761589404
HARROW,2023-11,243,5.75,10.043333333333335,6.395953360768176
HARROW,2023-12,295,6.233333333333333,10.490000000000002,6.780169491525424
HARROW,2024-01,272,5.741666666666667,9.063333333333333,6.140257352941177
HARROW,2024-02,278,6.3,9.56166666666667,6.638968824940048
HARROW,2024-03,243,5.833333333333333,9.18,6.069135802469136
HARROW,2024-04,264,5.833333333333333,9.041666666666668,6.251388888888888
HARROW,2024-05,269,6.316666666666666,10.14666666666667,6.712205700123915
HARROW,2024-06,267,6.233333333333333,9.59,6.54338327091136
HARROW,2024-07,316,6.166666666666667,9.575,6.374841772151899
HARROW,2024-08,302,6.2,9.978333333333333,6.627593818984548
HARROW,2024-09,244,6.175000000000001,9.183333333333334,6.477254098360656
HARROW,2024-10,281,6.266666666666667,9.383333333333333,6.522538552787663
HARROW,2024-11,287,6.15,9.673333333333336,6.509349593495935
HARROW,2024-12,339,5.766666666666667,9.66,6.175811209439527
HAVERING,2023-01,229,6.05,9.046666666666667,6.256113537117904
HAVERING,2023-02,199,6.283333333333333,10.126666666666667,6.631909547738694
HAVERING,2023-03,216,6.366666666666667,10.6,6.7081790123456795
HAVERING,2023-04,243,6.066666666666666,10.390000000000004,6.665637860082304
HAVERING,2023-05,264,5.8,9.368333333333334,6.260606060606061
HAVERING,2023-06,301,6.166666666666667,10.666666666666666,6.759579180509413
HAVERING,2023-07,301,6.016666666666667,10.016666666666667,6.209745293466224
HAVERING,2023-08,306,6.074999999999999,10.4,6.468518518518518
HAVERING,2023-09,293,6.516666666666667,9.996666666666666,6.765301478953356
HAVERING,2023-10,327,6.25,10.06666666666667,6.536085626911316
HAVERING,2023-11,290,5.933333333333334,9.468333333333334,6.52235632183908
HAVERING,2023-12,265,6.05,9.906666666666666,6.461635220125786
HAVERING,2024-01,307,6.3,10.196666666666667,6.606243213897937
HAVERING,2024-02,310,6.316666666666666,9.511666666666668,6.535215053763441
HAVERING,2024-03,277,6.3,10.33,6.679542719614922
HAVERING,2024-04,300,5.941666666666666,9.016666666666667,6.248777777777778
HAVERING,2024-05,316,6.375,10.891666666666666,7.092246835443039
HAVERING,2024-06,300,6.483333333333333,11.253333333333334,7.0169999999999995
HAVERING,2024-07,363,6.266666666666667,9.956666666666667,6.627364554637281
HAVERING,2024-08,387,6.7,10.913333333333334,7.240396210163652
HAVERING,2024-09,382,6.266666666666667,10.910000000000002,6.940357766143107
HAVERING,2024-10,321,6.25,9.883333333333333,6.7564382139148496
HAVERING,2024-11,295,6.633333333333334,10.053333333333335,6.855367231638418
HAVERING,2024-12,241,6.583333333333333,11.216666666666667,7.0402489626556015
HILLINGDON,2023-01,457,6.683333333333334,10.123333333333335,7.010722100656455
HILLINGDON,2023-02,388,6.175000000000001,9.771666666666668,6.556056701030927
HILLINGDON,2023-03,458,6.466666666666667,9.855,6.723362445414848
HILLINGDON,2023-04,447,6.45,10.73,6.812416107382551
HILLINGDON,2023-05,476,6.383333333333334,9.725000000000001,6.576785714285714
HILLINGDON,2023-06,546,6.566666666666666,11.066666666666666,7.028205128205128
HILLINGDON,2023-07,518,6.8583333333333325,10.916666666666666,7.2111647361647355
HILLINGDON,2023-08,532,6.466666666666667,11.128333333333334,6.949122807017544
HILLINGDON,2023-09,503,6.45,11.123333333333335,7.032869449966865
HILLINGDON,2023-10,488,6.766666666666667,11.143333333333333,7.337363387978142
HILLINGDON,2023-11,463,6.783333333333333,10.88,7.1101871850251985
HILLINGDON,2023-12,542,6.8583333333333325,10.863333333333335,7.253290282902829
HILLINGDON,2024-01,518,6.6083333333333325,9.876666666666667,6.793018018018018
HILLINGDON,2024-02,441,6.75,11.6,7.43167044595616
HILLINGDON,2024-03,480,6.525,9.866666666666667,6.829965277777777
HILLINGDON,2024-04,479,6.583333333333333,10.52,7.023416840640222
HILLINGDON,2024-05,524,6.591666666666667,10.495,7.084223918575064
HILLINGDON,2024-06,576,6.841666666666667,10.775,7.200491898148148
HILLINGDON,2024-07,558,6.716666666666667,10.863333333333335,7.215919952210275
HILLINGDON,2024-08,579,6.7,11.05,7.229533678756476
HILLINGDON,2024-09,589,6.8,10.623333333333338,7.1461233729485
HILLINGDON,2024-10,581,6.65,10.85,7.01342512908778
HILLINGDON,2024-11,532,6.775,10.98333333333334,7.205576441102757
HILLINGDON,2024-12,520,6.883333333333334,10.735,7.228653846153846
HOUNSLOW,2023-01,374,5.824999999999999,9.468333333333332,6.128297682709447
HOUNSLOW,2023-02,367,5.733333333333333,8.65,5.91267029972752
HOUNSLOW,2023-03,362,5.85,9.486666666666672,6.186372007366483
HOUNSLOW,2023-04,351,5.516666666666667,9.083333333333334,5.923741690408357
HOUNSLOW,2023-05,374,5.783333333333333,9.778333333333332,6.337789661319073
HOUNSLOW,2023-06,454,6.191666666666666,10.125,6.618502202643172
HOUNSLOW,2023-07,387,5.783333333333333,9.453333333333335,6.253402239448751
HOUNSLOW,2023-08,436,5.85,8.858333333333334,6.151032110091743
HOUNSLOW,2023-09,391,6.166666666666667,10.033333333333333,6.6415174765558405
HOUNSLOW,2023-10,407,6.05,8.920000000000002,6.212776412776413
HOUNSLOW,2023-11,372,5.841666666666667,10.19833333333334,6.437813620071685
HOUNSLOW,2023-12,390,5.966666666666667,9.205,6.185641025641026
HOUNSLOW,2024-01,371,6.116666666666666,9.966666666666667,6.485534591194968
HOUNSLOW,2024-02,334,5.883333333333334,9.096666666666666,6.148403193612774
HOUNSLOW,2024-03,316,5.908333333333333,9.533333333333333,6.255696202531645
HOUNSLOW,2024-04,336,5.808333333333334,9.291666666666666,6.069295634920635
HOUNSLOW,2024-05,367,6.1,10.79666666666667,6.550544959128066
HOUNSLOW,2024-06,440,5.908333333333333,9.018333333333338,6.144280303030302
HOUNSLOW,2024-07,407,6.05,9.5,6.304709254709255
HOUNSLOW,2024-08,434,6.0,9.6,6.217050691244239
HOUNSLOW,2024-09,444,5.8583333333333325,9.861666666666666,6.248348348348348
HOUNSLOW,2024-10,513,6.15,9.763333333333334,6.5022742040285895
HOUNSLOW,2024-11,404,6.316666666666666,10.206666666666667,6.725247524752476
HOUNSLOW,2024-12,380,5.933333333333334,10.19666666666667,6.43311403508772
ISLINGTON,2023-01,542,5.341666666666667,8.528333333333334,5.780258302583026
ISLINGTON,2023-02,480,5.283333333333333,8.05,5.6134375
ISLINGTON,2023-03,486,5.3583333333333325,8.591666666666667,5.7064814814814815
ISLINGTON,2023-04,491,5.2,8.1,5.556585200271555
ISLINGTON,2023-05,520,5.216666666666667,8.055000000000001,5.5087179487179485
ISLINGTON,2023-06,521,5.466666666666667,8.75,5.855630198336533
ISLINGTON,2023-07,511,5.333333333333333,7.883333333333334,5.509817351598174
ISLINGTON,2023-08,534,5.324999999999999,8.183333333333334,5.565074906367041
ISLINGTON,2023-09,593,5.3,8.1,5.651264755480606
ISLINGTON,2023-10,616,5.3,8.2,5.605871212121212
ISLINGTON,2023-11,569,5.516666666666667,8.75,5.873989455184534
ISLINGTON,2023-12,615,5.45,8.41,5.720081300813008
ISLINGTON,2024-01,537,5.133333333333334,7.6800000000000015,5.385009310986964
ISLINGTON,2024-02,506,5.291666666666666,7.908333333333333,5.574440052700922
ISLINGTON,2024-03,561,5.483333333333333,8.4,5.6722222222222225
ISLINGTON,2024-04,536,5.158333333333333,7.775,5.448134328358209
ISLINGTON,2024-05,592,5.3,8.011666666666667,5.547297297297297
ISLINGTON,2024-06,543,5.566666666666666,9.000000000000002,5.953560466543892
ISLINGTON,2024-07,620,5.258333333333333,8.153333333333334,5.49491935483871
ISLINGTON,2024-08,546,5.458333333333334,8.191666666666666,5.663278388278388
ISLINGTON,2024-09,569,5.466666666666667,8.219999999999999,5.76613942589338
ISLINGTON,2024-10,650,5.683333333333334,8.885,5.95425641025641
ISLINGTON,2024-11,667,5.65,8.623333333333333,5.98928035982009
ISLINGTON,2024-12,539,5.416666666666667,8.636666666666667,5.810235003092146
KENSINGTON AND CHELSEA,2023-01,513,4.766666666666667,8.026666666666667,5.252988953866147
KENSINGTON AND CHELSEA,2023-02,462,4.574999999999999,7.645000000000002,4.877489177489178
KENSINGTON AND CHELSEA,2023-03,512,4.9,7.515000000000001,5.032389322916667
KENSINGTON AND CHELSEA,2023-04,510,4.666666666666667,7.401666666666667,4.879117647058823
KENSINGTON AND CHELSEA,2023-05,489,4.85,7.6466666666666665,5.118234492160872
KENSINGTON AND CHELSEA,2023-06,570,5.016666666666667,8.25,5.230116959064327
KENSINGTON AND CHELSEA,2023-07,591,5.116666666666666,7.9,5.259926677946983
KENSINGTON AND CHELSEA,2023-08,606,4.9,8.158333333333333,5.31034103410341
KENSINGTON AND CHELSEA,2023-09,571,5.166666666666667,8.666666666666666,5.547810858143608
KENSINGTON AND CHELSEA,2023-10,650,5.016666666666667,8.47,5.386384615384616
KENSINGTON AND CHELSEA,2023-11,585,5.383333333333334,8.97,5.741566951566951
KENSINGTON AND CHELSEA,2023-12,574,5.283333333333333,7.906666666666669,5.457200929152148
KENSINGTON AND CHELSEA,2024-01,565,5.083333333333333,8.276666666666667,5.482212389380531
KENSINGTON AND CHELSEA,2024-02,541,4.733333333333333,7.833333333333333,5.054313000616142
KENSINGTON AND CHELSEA,2024-03,587,4.8,7.85,5.07816581487791
KENSINGTON AND CHELSEA,2024-04,552,5.1,7.996666666666668,5.296497584541062
KENSINGTON AND CHELSEA,2024-05,618,4.866666666666666,8.038333333333334,5.164886731391586
KENSINGTON AND CHELSEA,2024-06,510,4.625,7.35,4.834542483660131
KENSINGTON AND CHELSEA,2024-07,614,4.966666666666667,8.145000000000001,5.256351791530944
KENSINGTON AND CHELSEA,2024-08,494,4.991666666666667,7.7283333333333335,5.339473684210526
KENSINGTON AND CHELSEA,2024-09,572,5.1083333333333325,8.274999999999999,5.381934731934732
KENSINGTON AND CHELSEA,2024-10,599,4.9,7.786666666666667,5.143823038397329
KENSINGTON AND CHELSEA,2024-11,604,5.1416666666666675,8.345,5.408857615894039
KENSINGTON AND CHELSEA,2024-12,582,5.125,8.1,5.395045819014891
KINGSTON UPON THAMES,2023-01,142,5.15,8.995000000000001,5.503286384976526
KINGSTON UPON THAMES,2023-02,184,5.75,9.491666666666669,6.197826086956522
KINGSTON UPON THAMES,2023-03,186,5.683333333333334,9.608333333333334,6.232437275985663
KINGSTON UPON THAMES,2023-04,158,5.833333333333334,9.005,5.978164556962025
KINGSTON UPON THAMES,2023-05,191,5.583333333333333,9.783333333333333,5.928883071553229
KINGSTON UPON THAMES,2023-06,209,5.983333333333333,9.780000000000001,6.379744816586921
KINGSTON UPON THAMES,2023-07,189,5.883333333333334,9.773333333333342,6.282010582010582
KINGSTON UPON THAMES,2023-08,179,6.1,9.6,6.3115456238361265
KINGSTON UPON THAMES,2023-09,166,6.008333333333333,10.158333333333333,6.498293172690763
KINGSTON UPON THAMES,2023-10,181,5.483333333333333,9.266666666666667,5.934254143646409
KINGSTON UPON THAMES,2023-11,189,5.516666666666667,8.943333333333333,5.927865961199294
KINGSTON UPON THAMES,2023-12,196,6.058333333333334,9.566666666666666,6.184353741496599
KINGSTON UPON THAMES,2024-01,191,5.433333333333334,10.133333333333333,6.1678010471204185
KINGSTON UPON THAMES,2024-02,162,6.091666666666667,9.865,6.52037037037037
KINGSTON UPON THAMES,2024-03,201,5.916666666666667,9.95,6.350995024875622
KINGSTON UPON THAMES,2024-04,183,5.833333333333333,9.296666666666667,6.108378870673953
KINGSTON UPON THAMES,2024-05,182,6.116666666666667,10.331666666666667,6.675915750915751
KINGSTON UPON THAMES,2024-06,211,6.1,10.05,6.457345971563981
KINGSTON UPON THAMES,2024-07,201,5.9,9.783333333333333,6.373963515754561
KINGSTON UPON THAMES,2024-08,204,6.683333333333334,10.583333333333336,6.848529411764705
KINGSTON UPON THAMES,2024-09,207,6.016666666666667,9.996666666666666,6.393397745571659
KINGSTON UPON THAMES,2024-10,231,6.3,10.183333333333334,6.747907647907648
KINGSTON UPON THAMES,2024-11,209,5.916666666666667,9.516666666666667,6.315311004784689
KINGSTON UPON THAMES,2024-12,189,5.933333333333334,9.75,6.246737213403881
LAMBETH,2023-01,671,4.55,7.116666666666666,4.861475409836066
LAMBETH,2023-02,518,4.85,7.7,5.127509652509653
LAMBETH,2023-03,581,4.85,7.683333333333334,5.147934595524957
LAMBETH,2023-04,572,4.574999999999999,6.998333333333333,4.791870629370629
LAMBETH,2023-05,720,4.725,7.551666666666667,4.985949074074074
LAMBETH,2023-06,715,4.883333333333334,7.803333333333334,5.104638694638695
LAMBETH,2023-07,688,4.9,7.716666666666667,5.131371124031007
LAMBETH,2023-08,746,4.691666666666666,7.574999999999999,4.9607015192135835
LAMBETH,2023-09,739,5.133333333333334,8.383333333333333,5.4152683806946325
LAMBETH,2023-10,762,4.816666666666666,8.145,5.181889763779528
LAMBETH,2023-11,735,5.0,8.426666666666668,5.36265306122449
LAMBETH,2023-12,728,4.824999999999999,7.876666666666669,5.110920329670329
LAMBETH,2024-01,819,4.866666666666666,7.783333333333333,5.149348799348799
LAMBETH,2024-02,678,4.7,7.116666666666666,4.94070796460177
LAMBETH,2024-03,736,5.033333333333333,7.758333333333333,5.1888813405797105
LAMBETH,2024-04,646,4.733333333333333,7.4,4.9453560371517025
LAMBETH,2024-05,680,4.75,7.851666666666667,5.077769607843137
LAMBETH,2024-06,703,4.983333333333333,8.063333333333334,5.261664295874822
LAMBETH,2024-07,786,4.808333333333334,8.116666666666667,5.216560644614079
LAMBETH,2024-08,761,5.0,7.933333333333334,5.289378011388524
LAMBETH,2024-09,865,5.25,8.583333333333336,5.558670520231214
LAMBETH,2024-10,791,4.95,7.966666666666667,5.245933417614834
LAMBETH,2024-11,733,5.166666666666667,8.516666666666667,5.5293997271487045
LAMBETH,2024-12,837,5.1,7.963333333333333,5.344703305455993
LEWISHAM,2023-01,559,5.466666666666667,8.4,5.630918306499702
LEWISHAM,2023-02,453,5.7,8.646666666666667,5.925864606328182
LEWISHAM,2023-03,523,5.5,9.13,5.831739961759082
LEWISHAM,2023-04,491,5.45,8.383333333333333,5.6090970807875085
LEWISHAM,2023-05,566,5.833333333333333,8.933333333333334,5.974734982332155
LEWISHAM,2023-06,638,5.65,8.955,5.860188087774295
LEWISHAM,2023-07,613,5.683333333333334,8.646666666666668,5.8761827079934745
LEWISHAM,2023-08,602,5.466666666666667,8.631666666666666,5.745210409745294
LEWISHAM,2023-09,676,5.733333333333333,8.683333333333334,5.897189349112426
LEWISHAM,2023-10,603,5.983333333333333,8.796666666666669,6.005223880597015
LEWISHAM,2023-11,642,5.783333333333333,8.678333333333333,5.936993769470405
LEWISHAM,2023-12,684,5.35,8.5,5.594493177387914
LEWISHAM,2024-01,633,5.683333333333334,8.646666666666668,5.923012111637704
LEWISHAM,2024-02,621,5.533333333333333,8.6,5.830059044551798
LEWISHAM,2024-03,618,5.8,8.810000000000002,6.03071736785329
LEWISHAM,2024-04,605,5.683333333333334,8.333333333333336,5.876115702479339
LEWISHAM,2024-05,665,5.616666666666666,8.96,5.8956140350877195
LEWISHAM,2024-06,663,5.633333333333334,9.280000000000001,5.935671191553545
LEWISHAM,2024-07,768,5.633333333333334,9.065000000000003,5.9658203125
LEWISHAM,2024-08,678,5.35,8.405000000000001,5.687586037364799
LEWISHAM,2024-09,602,5.766666666666667,8.383333333333333,5.916472868217054
LEWISHAM,2024-10,697,5.833333333333333,9.096666666666666,6.031324725011956
LEWISHAM,2024-11,581,5.683333333333334,8.95,5.873379231210556
LEWISHAM,2024-12,586,5.741666666666667,8.883333333333333,5.974658703071673
MERTON,2023-01,256,5.3,8.408333333333333,5.757486979166667
MERTON,2023-02,211,5.383333333333334,8.35,5.734202211690364
MERTON,2023-03,199,5.633333333333334,8.663333333333338,5.747906197654941
MERTON,2023-04,179,5.466666666666667,8.67,5.617039106145252
MERTON,2023-05,239,5.7,9.703333333333335,6.157252440725244
MERTON,2023-06,251,5.816666666666666,9.483333333333333,6.1969455511288185
MERTON,2023-07,221,5.8,8.833333333333334,5.9484162895927595
MERTON,2023-08,235,5.4,9.04,5.745957446808511
MERTON,2023-09,263,6.016666666666667,10.18,6.4569074778200255
MERTON,2023-10,298,6.1,9.616666666666667,6.468120805369128
MERTON,2023-11,298,5.958333333333334,9.820000000000002,6.3340044742729305
MERTON,2023-12,226,5.783333333333333,9.275,6.106637168141592
MERTON,2024-01,263,5.916666666666667,9.213333333333333,6.3100126742712295
MERTON,2024-02,244,5.816666666666666,8.655000000000005,5.907718579234973
MERTON,2024-03,287,5.65,9.226666666666672,5.995760743321719
MERTON,2024-04,218,5.775,9.053333333333335,6.0322629969418955
MERTON,2024-05,251,5.75,8.9,6.0173970783532535
MERTON,2024-06,241,5.666666666666667,9.433333333333334,5.991770401106501
MERTON,2024-07,298,5.758333333333333,9.240000000000002,6.2083892617449665
MERTON,2024-08,277,5.416666666666667,9.49,5.861732851985559
MERTON,2024-09,273,6.033333333333333,9.506666666666668,6.307570207570207
MERTON,2024-10,272,5.65,8.516666666666667,5.969546568627451
MERTON,2024-11,219,6.083333333333333,8.950000000000001,6.277168949771689
MERTON,2024-12,261,5.65,9.416666666666666,6.131864623243934
NEWHAM,2023-01,424,5.383333333333333,8.073333333333334,5.618160377358491
NEWHAM,2023-02,432,5.616666666666666,8.196666666666667,5.746682098765432
NEWHAM,2023-03,417,5.5,8.83,5.843005595523581
NEWHAM,2023-04,518,5.566666666666666,8.616666666666667,5.8526705276705275
NEWHAM,2023-05,426,5.425000000000001,8.975,5.773278560250391
NEWHAM,2023-06,519,5.683333333333334,9.376666666666667,6.09582530507386
NEWHAM,2023-07,579,5.75,9.116666666666667,6.001208981001727
NEWHAM,2023-08,507,5.5,8.710000000000003,5.72534516765286
NEWHAM,2023-09,550,5.95,9.716666666666667,6.214121212121213
NEWHAM,2023-10,487,5.95,9.810000000000002,6.29958932238193
NEWHAM,2023-11,426,5.566666666666666,9.208333333333332,5.952934272300469
NEWHAM,2023-12,555,5.766666666666667,9.146666666666668,6.105465465465465
NEWHAM,2024-01,511,5.6,8.933333333333334,5.937606001304632
NEWHAM,2024-02,449,5.45,8.87,5.802524127691166
NEWHAM,2024-03,437,5.816666666666666,8.806666666666668,5.972654462242564
NEWHAM,2024-04,466,5.925000000000001,9.058333333333334,5.941022889842633
NEWHAM,2024-05,560,5.708333333333334,9.4,6.137738095238095
NEWHAM,2024-06,564,6.033333333333333,9.666666666666666,6.356914893617022
NEWHAM,2024-07,524,5.725,9.2,6.092334605597964
NEWHAM,2024-08,568,5.716666666666667,9.321666666666667,6.055076291079812
NEWHAM,2024-09,592,5.8916666666666675,9.348333333333333,6.2717905405405405
NEWHAM,2024-10,505,5.533333333333333,8.653333333333334,5.853102310231023
NEWHAM,2024-11,508,5.8583333333333325,9.738333333333333,6.170866141732284
NEWHAM,2024-12,556,6.008333333333333,10.058333333333334,6.46255995203837
REDBRIDGE,2023-01,332,5.508333333333333,8.95,5.970331325301205
REDBRIDGE,2023-02,234,5.691666666666666,9.103333333333335,6.09508547008547
REDBRIDGE,2023-03,310,5.85,9.318333333333333,6.075591397849463
REDBRIDGE,2023-04,268,5.916666666666667,9.593333333333334,6.232338308457711
REDBRIDGE,2023-05,325,5.683333333333334,9.193333333333333,6.064615384615385
REDBRIDGE,2023-06,347,6.133333333333334,9.620000000000001,6.497214217098943
REDBRIDGE,2023-07,298,6.041666666666666,9.341666666666667,6.21744966442953
REDBRIDGE,2023-08,349,6.466666666666667,9.66,6.6740687679083095
REDBRIDGE,2023-09,336,6.508333333333333,10.483333333333333,6.774007936507936
REDBRIDGE,2023-10,365,6.116666666666666,10.113333333333335,6.534840182648402
REDBRIDGE,2023-11,290,6.066666666666666,10.241666666666667,6.497873563218391
REDBRIDGE,2023-12,321,6.4,10.5,6.912201453790239
REDBRIDGE,2024-01,346,5.8916666666666675,9.875,6.322591522157997
REDBRIDGE,2024-02,273,5.85,9.736666666666668,6.3508547008547005
REDBRIDGE,2024-03,301,6.116666666666666,9.866666666666667,6.577796234772979
REDBRIDGE,2024-04,335,6.3,10.433333333333334,6.692835820895522
REDBRIDGE,2024-05,267,5.666666666666667,9.426666666666668,6.0544319600499374
REDBRIDGE,2024-06,413,6.75,10.55,6.854479418886199
REDBRIDGE,2024-07,335,6.2,10.236666666666668,6.631293532338308
REDBRIDGE,2024-08,329,6.016666666666667,9.776666666666667,6.4099797365754805
REDBRIDGE,2024-09,418,6.275,10.255,6.505502392344498
REDBRIDGE,2024-10,370,6.15,10.835,6.746576576576576
REDBRIDGE,2024-11,331,6.35,9.7,6.4765861027190335
REDBRIDGE,2024-12,331,6.55,11.416666666666666,7.097683786505539
RICHMOND UPON THAMES,2023-01,251,6.05,9.283333333333333,6.333930942895086
RICHMOND UPON THAMES,2023-02,217,5.933333333333334,9.396666666666668,6.2387096774193544
RICHMOND UPON THAMES,2023-03,201,6.033333333333333,8.883333333333333,6.135820895522388
RICHMOND UPON THAMES,2023-04,195,5.816666666666666,9.459999999999999,6.23119658119658
RICHMOND UPON THAMES,2023-05,191,5.716666666666667,9.666666666666666,5.976178010471204
RICHMOND UPON THAMES,2023-06,224,6.016666666666667,9.73166666666667,6.270833333333334
RICHMOND UPON THAMES,2023-07,200,6.258333333333333,9.168333333333333,6.334
RICHMOND UPON THAMES,2023-08,220,6.55,9.536666666666667,6.561742424242424
RICHMOND UPON THAMES,2023-09,281,6.683333333333334,9.3,6.684400948991696
RICHMOND UPON THAMES,2023-10,235,6.633333333333334,9.82,6.702765957446809
RICHMOND UPON THAMES,2023-11,246,6.316666666666666,9.133333333333333,6.463279132791328
RICHMOND UPON THAMES,2023-12,205,6.266666666666667,10.153333333333332,6.752032520325203
RICHMOND UPON THAMES,2024-01,275,6.066666666666666,9.343333333333332,6.360242424242424
RICHMOND UPON THAMES,2024-02,213,6.0,9.756666666666668,6.35
RICHMOND UPON THAMES,2024-03,238,6.158333333333333,9.231666666666667,6.325700280112045
RICHMOND UPON THAMES,2024-04,247,5.916666666666667,9.616666666666667,6.324089068825911
RICHMOND UPON THAMES,2024-05,261,6.35,10.916666666666666,6.8234355044699875
RICHMOND UPON THAMES,2024-06,263,6.216666666666667,9.566666666666666,6.365082382762991
RICHMOND UPON THAMES,2024-07,235,6.116666666666666,9.746666666666666,6.1892198581560285
RICHMOND UPON THAMES,2024-08,244,6.066666666666666,8.75,6.1248633879781424
RICHMOND UPON THAMES,2024-09,228,6.508333333333333,10.166666666666666,6.774122807017544
RICHMOND UPON THAMES,2024-10,235,6.633333333333334,10.26,6.760709219858156
RICHMOND UPON THAMES,2024-11,235,6.416666666666667,9.51,6.618297872340426
RICHMOND UPON THAMES,2024-12,198,6.116666666666666,10.436666666666667,6.480723905723906
SOUTHWARK,2023-01,728,5.333333333333333,7.988333333333334,5.50448717948718
SOUTHWARK,2023-02,558,5.216666666666667,8.01,5.581391875746714
SOUTHWARK,2023-03,625,5.5,8.48,5.705813333333333
SOUTHWARK,2023-04,572,5.166666666666667,7.911666666666666,5.435780885780886
SOUTHWARK,2023-05,633,4.916666666666667,7.633333333333334,5.209320695102686
SOUTHWARK,2023-06,658,5.466666666666667,8.305000000000001,5.793186423505572
SOUTHWARK,2023-07,767,5.416666666666667,8.283333333333333,5.671077792264232
SOUTHWARK,2023-08,724,5.266666666666667,8.05166666666667,5.519866482504604
SOUTHWARK,2023-09,823,5.466666666666667,8.680000000000001,5.802976913730256
SOUTHWARK,2023-10,669,5.4,7.9,5.594070752366717
SOUTHWARK,2023-11,719,5.316666666666666,8.406666666666668,5.671905424200278
SOUTHWARK,2023-12,746,5.5,8.408333333333333,5.714566577301162
SOUTHWARK,2024-01,710,5.258333333333333,8.418333333333333,5.479131455399061
SOUTHWARK,2024-02,582,5.05,7.915,5.385853379152348
SOUTHWARK,2024-03,731,5.516666666666667,8.016666666666667,5.6768581851345195
SOUTHWARK,2024-04,702,5.166666666666667,7.944999999999999,5.512369420702754
SOUTHWARK,2024-05,693,5.516666666666667,8.5,5.702260702260702
SOUTHWARK,2024-06,805,5.366666666666666,8.403333333333334,5.682277432712215
SOUTHWARK,2024-07,776,5.333333333333333,8.091666666666667,5.569158075601375
SOUTHWARK,2024-08,723,5.433333333333334,8.080000000000002,5.626118026740434
SOUTHWARK,2024-09,790,5.616666666666666,8.436666666666667,5.844409282700422
SOUTHWARK,2024-10,865,5.466666666666667,8.633333333333333,5.801156069364162
SOUTHWARK,2024-11,876,5.625,8.758333333333333,5.915125570776255
SOUTHWARK,2024-12,780,5.716666666666667,8.401666666666667,5.9124358974358975
SUTTON,2023-01,239,5.333333333333333,7.836666666666669,5.462970711297071
SUTTON,2023-02,208,5.041666666666666,7.858333333333334,5.410496794871795
SUTTON,2023-03,268,5.25,8.421666666666667,5.686878109452736
SUTTON,2023-04,222,5.366666666666666,7.930000000000001,5.524549549549549
SUTTON,2023-05,217,5.35,7.993333333333335,5.557987711213517
SUTTON,2023-06,308,5.616666666666666,8.908333333333333,5.945346320346321
SUTTON,2023-07,292,5.625,8.961666666666668,5.996461187214612
SUTTON,2023-08,298,5.508333333333333,8.393333333333333,5.787304250559283
SUTTON,2023-09,261,5.466666666666667,8.566666666666666,5.797956577266922
SUTTON,2023-10,287,5.85,9.0,6.084494773519164
SUTTON,2023-11,268,5.233333333333333,8.466666666666667,5.687562189054726
SUTTON,2023-12,336,5.541666666666666,9.1,5.946031746031745
SUTTON,2024-01,279,5.616666666666666,9.23666666666667,6.0062126642771805
SUTTON,2024-02,244,5.25,8.195,5.570560109289618
SUTTON,2024-03,228,5.316666666666666,8.53166666666667,5.777485380116959
SUTTON,2024-04,259,5.55,7.976666666666669,5.80984555984556
SUTTON,2024-05,262,5.658333333333333,9.648333333333333,6.059287531806616
SUTTON,2024-06,318,5.633333333333334,8.70166666666667,5.793920335429769
SUTTON,2024-07,316,5.466666666666667,8.641666666666666,5.718881856540085
SUTTON,2024-08,285,5.383333333333334,7.999999999999999,5.5919298245614035
SUTTON,2024-09,345,5.516666666666667,9.1,5.966425120772946
SUTTON,2024-10,289,5.816666666666666,8.883333333333331,5.915570934256055
SUTTON,2024-11,304,5.6416666666666675,8.816666666666666,5.9313596491228076
SUTTON,2024-12,262,5.366666666666666,8.163333333333332,5.533778625954199
TOWER HAMLETS,2023-01,665,5.15,8.816666666666666,5.559774436090225
TOWER HAMLETS,2023-02,691,5.333333333333333,8.65,5.6821273516642545
TOWER HAMLETS,2023-03,738,5.291666666666666,8.443333333333335,5.585275519421861
TOWER HAMLETS,2023-04,682,5.366666666666667,8.866666666666667,5.696163245356794
TOWER HAMLETS,2023-05,670,5.033333333333333,8.851666666666667,5.522860696517413
TOWER HAMLETS,2023-06,723,5.266666666666667,8.67666666666667,5.728008298755187
TOWER HAMLETS,2023-07,737,5.283333333333333,8.2,5.51232473993668
TOWER HAMLETS,2023-08,721,5.266666666666667,8.983333333333333,5.743111419325012
TOWER HAMLETS,2023-09,876,5.691666666666666,9.633333333333333,6.068683409436835
TOWER HAMLETS,2023-10,978,5.466666666666667,8.9,5.813036809815951
TOWER HAMLETS,2023-11,903,5.266666666666667,8.696666666666667,5.70140273163529
TOWER HAMLETS,2023-12,931,5.566666666666666,9.133333333333333,5.994647332617257
TOWER HAMLETS,2024-01,807,5.316666666666666,9.246666666666666,5.841945477075589
TOWER HAMLETS,2024-02,756,5.35,8.525,5.667173721340387
TOWER HAMLETS,2024-03,723,5.4,8.383333333333333,5.627893038266483
TOWER HAMLETS,2024-04,737,5.4,8.656666666666666,5.671347806422434
TOWER HAMLETS,2024-05,895,5.4,8.726666666666667,5.734748603351956
TOWER HAMLETS,2024-06,843,5.55,9.2,5.946263345195729
TOWER HAMLETS,2024-07,978,5.516666666666667,9.15,5.925068166325834
TOWER HAMLETS,2024-08,781,5.566666666666666,9.233333333333333,6.016474605207
TOWER HAMLETS,2024-09,769,5.5,8.793333333333335,5.788859991330733
TOWER HAMLETS,2024-10,863,5.433333333333334,9.323333333333338,5.936790266512166
TOWER HAMLETS,2024-11,796,5.433333333333334,8.983333333333334,5.904208542713568
TOWER HAMLETS,2024-12,668,5.366666666666666,8.705,5.816167664670658
Unknown,2023-01,41,8.883333333333333,15.166666666666666,9.691463414634146
Unknown,2023-02,45,10.066666666666666,14.216666666666667,10.089629629629629
Unknown,2023-03,38,9.616666666666667,15.895000000000005,10.625438596491227
Unknown,2023-04,50,9.733333333333334,16.78,10.210666666666667
Unknown,2023-05,76,9.866666666666667,14.274999999999999,9.773245614035087
Unknown,2023-06,61,9.65,14.866666666666667,10.381967213114754
Unknown,2023-07,75,9.533333333333333,15.246666666666668,9.863999999999999
Unknown,2023-08,55,10.133333333333333,16.566666666666666,10.485454545454546
Unknown,2023-09,65,9.283333333333333,14.543333333333335,9.526666666666667
Unknown,2023-10,56,9.958333333333334,16.016666666666666,10.427380952380952
Unknown,2023-11,70,9.241666666666667,14.151666666666667,9.52047619047619
Unknown,2023-12,52,9.85,14.943333333333333,10.06121794871795
Unknown,2024-01,50,9.791666666666666,14.416666666666666,10.067
Unknown,2024-02,50,9.083333333333332,14.65,9.469
Unknown,2024-03,37,8.75,14.069999999999999,9.195495495495496
Unknown,2024-04,43,8.466666666666667,13.866666666666669,9.464341085271316
Unknown,2024-05,56,8.766666666666666,13.791666666666668,9.127380952380951
Unknown,2024-06,43,8.733333333333333,15.67666666666667,9.482170542635659
Unknown,2024-07,51,9.616666666666667,13.883333333333333,9.776797385620915
Unknown,2024-08,54,10.0,17.223333333333333,10.67469135802469
Unknown,2024-09,50,9.45,15.005,9.943666666666667
Unknown,2024-10,49,9.05,14.780000000000003,9.263605442176871
Unknown,2024-11,63,9.25,14.563333333333336,9.854232804232803
Unknown,2024-12,58,10.266666666666666,13.866666666666667,10.066666666666666
WALTHAM FOREST,2023-01,330,5.116666666666667,8.921666666666667,5.610404040404041
WALTHAM FOREST,2023-02,315,5.366666666666666,8.97,5.862063492063492
WALTHAM FOREST,2023-03,328,5.008333333333333,7.986666666666667,5.249237804878049
WALTHAM FOREST,2023-04,294,5.058333333333334,8.745,5.560430839002268
WALTHAM FOREST,2023-05,360,5.491666666666667,9.425,5.857870370370371
WALTHAM FOREST,2023-06,415,5.2,9.203333333333335,5.712329317269076
WALTHAM FOREST,2023-07,389,5.4,8.496666666666666,5.703341902313625
WALTHAM FOREST,2023-08,378,5.558333333333334,9.566666666666666,6.0932098765432094
WALTHAM FOREST,2023-09,390,5.533333333333333,10.051666666666668,6.031752136752137
WALTHAM FOREST,2023-10,458,5.45,8.76,5.769432314410481
WALTHAM FOREST,2023-11,419,5.483333333333333,9.52,5.930469371519491
WALTHAM FOREST,2023-12,443,5.716666666666667,9.033333333333335,6.0545146726862304
WALTHAM FOREST,2024-01,440,5.383333333333334,9.3,5.8092424242424245
WALTHAM FOREST,2024-02,360,5.083333333333333,8.853333333333333,5.544768518518519
WALTHAM FOREST,2024-03,389,5.35,9.716666666666665,6.055098543273351
WALTHAM FOREST,2024-04,412,5.266666666666667,9.281666666666668,5.656310679611651
WALTHAM FOREST,2024-05,434,5.533333333333333,9.508333333333333,6.043317972350231
WALTHAM FOREST,2024-06,384,5.516666666666667,10.864999999999998,6.172135416666666
WALTHAM FOREST,2024-07,434,5.725,9.211666666666666,5.99431643625192
WALTHAM FOREST,2024-08,414,5.566666666666666,8.761666666666667,5.8357890499194855
WALTHAM FOREST,2024-09,416,5.383333333333334,9.274999999999999,5.902403846153846
WALTHAM FOREST,2024-10,480,5.591666666666667,9.418333333333333,5.992118055555555
WALTHAM FOREST,2024-11,416,5.516666666666667,9.258333333333333,5.959495192307693
WALTHAM FOREST,2024-12,391,5.883333333333334,9.383333333333333,6.1672208013640235
WANDSWORTH,2023-01,442,5.341666666666667,8.133333333333333,5.596757164404224
WANDSWORTH,2023-02,455,5.816666666666666,9.713333333333335,6.192271062271062
WANDSWORTH,2023-03,508,5.558333333333334,8.836666666666668,5.873326771653543
WANDSWORTH,2023-04,406,5.35,8.558333333333334,5.7123973727422
WANDSWORTH,2023-05,523,5.416666666666667,8.946666666666667,5.869184193753984
WANDSWORTH,2023-06,527,5.566666666666666,9.353333333333335,6.019702719797596
WANDSWORTH,2023-07,503,5.383333333333334,9.110000000000001,5.847614314115308
WANDSWORTH,2023-08,516,5.4,8.775,5.823223514211886
WANDSWORTH,2023-09,562,5.766666666666667,9.79166666666667,6.225593119810202
WANDSWORTH,2023-10,622,5.708333333333334,9.383333333333333,6.014737406216506
WANDSWORTH,2023-11,552,5.8,9.931666666666667,6.3201086956521735
WANDSWORTH,2023-12,587,5.566666666666666,9.066666666666666,6.0668086314593985
WANDSWORTH,2024-01,576,5.416666666666667,8.399999999999999,5.7953125
WANDSWORTH,2024-02,519,5.366666666666666,8.12,5.592453436095054
WANDSWORTH,2024-03,514,5.533333333333333,9.383333333333331,5.947535667963684
WANDSWORTH,2024-04,532,5.133333333333333,8.698333333333334,5.590350877192982
WANDSWORTH,2024-05,544,5.566666666666666,9.106666666666667,5.959436274509804
WANDSWORTH,2024-06,540,5.666666666666667,8.955,5.794783950617284
WANDSWORTH,2024-07,502,5.216666666666667,8.690000000000003,5.776826029216467
WANDSWORTH,2024-08,580,5.508333333333333,8.251666666666667,5.718247126436782
WANDSWORTH,2024-09,617,5.783333333333333,10.203333333333331,6.350432198811453
WANDSWORTH,2024-10,669,5.666666666666667,9.253333333333334,6.005181863477827
WANDSWORTH,2024-11,528,5.691666666666666,8.896666666666668,6.037089646464647
WANDSWORTH,2024-12,481,5.466666666666667,8.433333333333334,5.789466389466389
WESTMINSTER,2023-01,1140,5.2,8.418333333333335,5.683245614035087
WESTMINSTER,2023-02,1002,5.3583333333333325,8.265,5.632684630738523
WESTMINSTER,2023-03,1225,5.483333333333333,8.820000000000006,5.889877551020408
WESTMINSTER,2023-04,1017,5.3,8.166666666666666,5.610914454277286
WESTMINSTER,2023-05,1030,5.3,8.583333333333334,5.747330097087379
WESTMINSTER,2023-06,1171,5.35,8.816666666666666,5.848277825220609
WESTMINSTER,2023-07,1190,5.333333333333333,8.518333333333336,5.6495098039215685
WESTMINSTER,2023-08,1062,5.216666666666667,8.528333333333332,5.599403640929064
WESTMINSTER,2023-09,1135,5.666666666666667,9.313333333333334,6.097107195301027
WESTMINSTER,2023-10,1277,5.533333333333333,9.033333333333333,5.974601931610546
WESTMINSTER,2023-11,1334,5.741666666666667,9.55,6.230447276361819
WESTMINSTER,2023-12,1181,5.783333333333333,9.383333333333333,6.2565622353937345
WESTMINSTER,2024-01,1227,5.4,8.49,5.810078782939418
WESTMINSTER,2024-02,1177,5.383333333333334,8.5,5.764032851883319
WESTMINSTER,2024-03,1243,5.433333333333334,8.316666666666666,5.7579780101904
WESTMINSTER,2024-04,1262,5.366666666666666,8.6,5.760063391442155
WESTMINSTER,2024-05,1293,5.55,9.15,5.970907450373808
WESTMINSTER,2024-06,1225,5.55,8.976666666666668,5.909659863945578
WESTMINSTER,2024-07,1286,5.633333333333334,8.933333333333334,5.962545360290306
WESTMINSTER,2024-08,1257,5.283333333333333,8.273333333333335,5.592574913815964
WESTMINSTER,2024-09,1291,5.633333333333334,9.383333333333333,6.124683707720113
WESTMINSTER,2024-10,1286,5.65,8.966666666666667,6.035549507516848
WESTMINSTER,2024-11,1076,5.65,8.883333333333333,5.9998915737298635
WESTMINSTER,2024-12,1109,5.633333333333334,9.030000000000005,6.061211301472798
