borough,n,median_min,p90_min,mean_min
BARKING AND DAGENHAM,7139,5.983333333333333,9.483333333333333,6.363715739832843
BARNET,12811,6.066666666666666,9.85,6.4734186766580795
BEXLEY,6997,6.0,9.833333333333334,6.35118384069363
BRENT,12169,6.216666666666667,9.716666666666667,6.529045114635549
BROMLEY,9848,6.25,10.1,6.547926821012727
CAMDEN,17340,5.533333333333333,8.95,5.87221261053441
CITY OF LONDON,3321,5.183333333333334,8.316666666666666,5.571148248519522
CROYDON,17114,5.583333333333333,9.3,5.998765143547193
EALING,13115,6.083333333333333,9.85,6.38241580887025
ENFIELD,10178,6.2,10.15,6.605556101395167
GREENWICH,12010,5.733333333333333,9.5,6.133504024424091
HACKNEY,15129,5.416666666666667,8.5,5.713352942472514
HAMMERSMITH AND FULHAM,11896,5.3,8.45,5.636875140103116
HARINGEY,10913,5.516666666666667,8.630000000000019,5.824011118238187
HARROW,6394,6.116666666666666,9.783333333333333,6.49293087269315
HAVERING,7033,6.25,10.216666666666667,6.676010711408123
HILLINGDON,12195,6.633333333333334,10.666666666666666,7.052129287959546
HOUNSLOW,9411,5.95,9.616666666666667,6.302139340488082
ISLINGTON,13344,5.366666666666666,8.333333333333334,5.680786620703437
KENSINGTON AND CHELSEA,13471,4.966666666666667,8.033333333333333,5.256437285032043
KINGSTON UPON THAMES,4541,5.883333333333334,9.833333333333334,6.289598473170374
LAMBETH,17210,4.9,7.866666666666666,5.17582800697269
LEWISHAM,14767,5.65,8.733333333333333,5.870385544344372
MERTON,5980,5.733333333333333,9.2,6.0709280936454855
NEWHAM,12080,5.7,9.183333333333334,6.027520695364238
REDBRIDGE,7824,6.1,9.95,6.488241308793456
RICHMOND UPON THAMES,5538,6.216666666666667,9.65,6.432087396171903
SOUTHWARK,17255,5.4,8.283333333333333,5.6505331787887565
SUTTON,6595,5.483333333333333,8.616666666666667,5.789974728329542
TOWER HAMLETS,18931,5.383333333333334,8.9,5.781657070413607
Unknown,1288,9.5,15.059999999999999,9.879451345755694
WALTHAM FOREST,9489,5.433333333333334,9.266666666666667,5.8687111392138265
WANDSWORTH,12805,5.516666666666667,9.076666666666673,5.922643498633346
WESTMINSTER,28496,5.483333333333333,8.8,5.880666877222534
