,mobilisations
2023-01-01 00:00:00+00:00,582
2023-01-02 00:00:00+00:00,422
2023-01-03 00:00:00+00:00,404
2023-01-04 00:00:00+00:00,415
2023-01-05 00:00:00+00:00,471
2023-01-06 00:00:00+00:00,423
2023-01-07 00:00:00+00:00,459
2023-01-08 00:00:00+00:00,429
2023-01-09 00:00:00+00:00,418
2023-01-10 00:00:00+00:00,503
2023-01-11 00:00:00+00:00,404
2023-01-12 00:00:00+00:00,426
2023-01-13 00:00:00+00:00,418
2023-01-14 00:00:00+00:00,411
2023-01-15 00:00:00+00:00,407
2023-01-16 00:00:00+00:00,500
2023-01-17 00:00:00+00:00,514
2023-01-18 00:00:00+00:00,529
2023-01-19 00:00:00+00:00,556
2023-01-20 00:00:00+00:00,501
2023-01-21 00:00:00+00:00,547
2023-01-22 00:00:00+00:00,602
2023-01-23 00:00:00+00:00,578
2023-01-24 00:00:00+00:00,528
2023-01-25 00:00:00+00:00,487
2023-01-26 00:00:00+00:00,463
2023-01-27 00:00:00+00:00,498
2023-01-28 00:00:00+00:00,447
2023-01-29 00:00:00+00:00,491
2023-01-30 00:00:00+00:00,458
2023-01-31 00:00:00+00:00,487
2023-02-01 00:00:00+00:00,483
2023-02-02 00:00:00+00:00,485
2023-02-03 00:00:00+00:00,470
2023-02-04 00:00:00+00:00,533
2023-02-05 00:00:00+00:00,490
2023-02-06 00:00:00+00:00,534
2023-02-07 00:00:00+00:00,504
2023-02-08 00:00:00+00:00,453
2023-02-09 00:00:00+00:00,507
2023-02-10 00:00:00+00:00,421
2023-02-11 00:00:00+00:00,501
2023-02-12 00:00:00+00:00,507
2023-02-13 00:00:00+00:00,451
2023-02-14 00:00:00+00:00,454
2023-02-15 00:00:00+00:00,467
2023-02-16 00:00:00+00:00,445
2023-02-17 00:00:00+00:00,544
2023-02-18 00:00:00+00:00,452
2023-02-19 00:00:00+00:00,438
2023-02-20 00:00:00+00:00,462
2023-02-21 00:00:00+00:00,385
2023-02-22 00:00:00+00:00,388
2023-02-23 00:00:00+00:00,416
2023-02-24 00:00:00+00:00,516
2023-02-25 00:00:00+00:00,483
2023-02-26 00:00:00+00:00,468
2023-02-27 00:00:00+00:00,475
2023-02-28 00:00:00+00:00,479
2023-03-01 00:00:00+00:00,443
2023-03-02 00:00:00+00:00,408
2023-03-03 00:00:00+00:00,526
2023-03-04 00:00:00+00:00,510
2023-03-05 00:00:00+00:00,468
2023-03-06 00:00:00+00:00,405
2023-03-07 00:00:00+00:00,450
2023-03-08 00:00:00+00:00,475
2023-03-09 00:00:00+00:00,538
2023-03-10 00:00:00+00:00,541
2023-03-11 00:00:00+00:00,512
2023-03-12 00:00:00+00:00,475
2023-03-13 00:00:00+00:00,508
2023-03-14 00:00:00+00:00,508
2023-03-15 00:00:00+00:00,371
2023-03-16 00:00:00+00:00,503
2023-03-17 00:00:00+00:00,476
2023-03-18 00:00:00+00:00,441
2023-03-19 00:00:00+00:00,463
2023-03-20 00:00:00+00:00,488
2023-03-21 00:00:00+00:00,409
2023-03-22 00:00:00+00:00,438
2023-03-23 00:00:00+00:00,432
2023-03-24 00:00:00+00:00,446
2023-03-25 00:00:00+00:00,454
2023-03-26 00:00:00+00:00,424
2023-03-27 00:00:00+00:00,480
2023-03-28 00:00:00+00:00,407
2023-03-29 00:00:00+00:00,492
2023-03-30 00:00:00+00:00,461
2023-03-31 00:00:00+00:00,455
2023-04-01 00:00:00+00:00,436
2023-04-02 00:00:00+00:00,453
2023-04-03 00:00:00+00:00,477
2023-04-04 00:00:00+00:00,508
2023-04-05 00:00:00+00:00,503
2023-04-06 00:00:00+00:00,365
2023-04-07 00:00:00+00:00,533
2023-04-08 00:00:00+00:00,456
2023-04-09 00:00:00+00:00,506
2023-04-10 00:00:00+00:00,402
2023-04-11 00:00:00+00:00,429
2023-04-12 00:00:00+00:00,415
2023-04-13 00:00:00+00:00,433
2023-04-14 00:00:00+00:00,464
2023-04-15 00:00:00+00:00,456
2023-04-16 00:00:00+00:00,434
2023-04-17 00:00:00+00:00,449
2023-04-18 00:00:00+00:00,464
2023-04-19 00:00:00+00:00,387
2023-04-20 00:00:00+00:00,411
2023-04-21 00:00:00+00:00,462
2023-04-22 00:00:00+00:00,450
2023-04-23 00:00:00+00:00,430
2023-04-24 00:00:00+00:00,485
2023-04-25 00:00:00+00:00,453
2023-04-26 00:00:00+00:00,485
2023-04-27 00:00:00+00:00,502
2023-04-28 00:00:00+00:00,443
2023-04-29 00:00:00+00:00,574
2023-04-30 00:00:00+00:00,476
2023-05-01 00:00:00+00:00,391
2023-05-02 00:00:00+00:00,418
2023-05-03 00:00:00+00:00,480
2023-05-04 00:00:00+00:00,491
2023-05-05 00:00:00+00:00,441
2023-05-06 00:00:00+00:00,462
2023-05-07 00:00:00+00:00,545
2023-05-08 00:00:00+00:00,487
2023-05-09 00:00:00+00:00,534
2023-05-10 00:00:00+00:00,443
2023-05-11 00:00:00+00:00,465
2023-05-12 00:00:00+00:00,447
2023-05-13 00:00:00+00:00,472
2023-05-14 00:00:00+00:00,513
2023-05-15 00:00:00+00:00,486
2023-05-16 00:00:00+00:00,501
2023-05-17 00:00:00+00:00,464
2023-05-18 00:00:00+00:00,501
2023-05-19 00:00:00+00:00,463
2023-05-20 00:00:00+00:00,516
2023-05-21 00:00:00+00:00,477
2023-05-22 00:00:00+00:00,463
2023-05-23 00:00:00+00:00,488
2023-05-24 00:00:00+00:00,479
2023-05-25 00:00:00+00:00,462
2023-05-26 00:00:00+00:00,497
2023-05-27 00:00:00+00:00,479
2023-05-28 00:00:00+00:00,524
2023-05-29 00:00:00+00:00,544
2023-05-30 00:00:00+00:00,466
2023-05-31 00:00:00+00:00,440
2023-06-01 00:00:00+00:00,510
2023-06-02 00:00:00+00:00,513
2023-06-03 00:00:00+00:00,485
2023-06-04 00:00:00+00:00,531
2023-06-05 00:00:00+00:00,516
2023-06-06 00:00:00+00:00,430
2023-06-07 00:00:00+00:00,485
2023-06-08 00:00:00+00:00,539
2023-06-09 00:00:00+00:00,564
2023-06-10 00:00:00+00:00,679
2023-06-11 00:00:00+00:00,661
2023-06-12 00:00:00+00:00,663
2023-06-13 00:00:00+00:00,601
2023-06-14 00:00:00+00:00,564
2023-06-15 00:00:00+00:00,504
2023-06-16 00:00:00+00:00,514
2023-06-17 00:00:00+00:00,531
2023-06-18 00:00:00+00:00,504
2023-06-19 00:00:00+00:00,494
2023-06-20 00:00:00+00:00,509
2023-06-21 00:00:00+00:00,538
2023-06-22 00:00:00+00:00,519
2023-06-23 00:00:00+00:00,516
2023-06-24 00:00:00+00:00,648
2023-06-25 00:00:00+00:00,621
2023-06-26 00:00:00+00:00,565
2023-06-27 00:00:00+00:00,535
2023-06-28 00:00:00+00:00,516
2023-06-29 00:00:00+00:00,526
2023-06-30 00:00:00+00:00,527
2023-07-01 00:00:00+00:00,466
2023-07-02 00:00:00+00:00,505
2023-07-03 00:00:00+00:00,485
2023-07-04 00:00:00+00:00,504
2023-07-05 00:00:00+00:00,503
2023-07-06 00:00:00+00:00,527
2023-07-07 00:00:00+00:00,535
2023-07-08 00:00:00+00:00,516
2023-07-09 00:00:00+00:00,525
2023-07-10 00:00:00+00:00,511
2023-07-11 00:00:00+00:00,510
2023-07-12 00:00:00+00:00,504
2023-07-13 00:00:00+00:00,512
2023-07-14 00:00:00+00:00,465
2023-07-15 00:00:00+00:00,605
2023-07-16 00:00:00+00:00,464
2023-07-17 00:00:00+00:00,518
2023-07-18 00:00:00+00:00,578
2023-07-19 00:00:00+00:00,480
2023-07-20 00:00:00+00:00,573
2023-07-21 00:00:00+00:00,541
2023-07-22 00:00:00+00:00,491
2023-07-23 00:00:00+00:00,524
2023-07-24 00:00:00+00:00,509
2023-07-25 00:00:00+00:00,486
2023-07-26 00:00:00+00:00,542
2023-07-27 00:00:00+00:00,569
2023-07-28 00:00:00+00:00,535
2023-07-29 00:00:00+00:00,507
2023-07-30 00:00:00+00:00,472
2023-07-31 00:00:00+00:00,513
2023-08-01 00:00:00+00:00,499
2023-08-02 00:00:00+00:00,518
2023-08-03 00:00:00+00:00,535
2023-08-04 00:00:00+00:00,498
2023-08-05 00:00:00+00:00,550
2023-08-06 00:00:00+00:00,487
2023-08-07 00:00:00+00:00,527
2023-08-08 00:00:00+00:00,430
2023-08-09 00:00:00+00:00,546
2023-08-10 00:00:00+00:00,504
2023-08-11 00:00:00+00:00,420
2023-08-12 00:00:00+00:00,491
2023-08-13 00:00:00+00:00,480
2023-08-14 00:00:00+00:00,481
2023-08-15 00:00:00+00:00,539
2023-08-16 00:00:00+00:00,543
2023-08-17 00:00:00+00:00,508
2023-08-18 00:00:00+00:00,524
2023-08-19 00:00:00+00:00,485
2023-08-20 00:00:00+00:00,529
2023-08-21 00:00:00+00:00,503
2023-08-22 00:00:00+00:00,524
2023-08-23 00:00:00+00:00,553
2023-08-24 00:00:00+00:00,595
2023-08-25 00:00:00+00:00,465
2023-08-26 00:00:00+00:00,525
2023-08-27 00:00:00+00:00,469
2023-08-28 00:00:00+00:00,509
2023-08-29 00:00:00+00:00,520
2023-08-30 00:00:00+00:00,575
2023-08-31 00:00:00+00:00,463
2023-09-01 00:00:00+00:00,593
2023-09-02 00:00:00+00:00,567
2023-09-03 00:00:00+00:00,565
2023-09-04 00:00:00+00:00,547
2023-09-05 00:00:00+00:00,576
2023-09-06 00:00:00+00:00,616
2023-09-07 00:00:00+00:00,565
2023-09-08 00:00:00+00:00,663
2023-09-09 00:00:00+00:00,643
2023-09-10 00:00:00+00:00,601
2023-09-11 00:00:00+00:00,507
2023-09-12 00:00:00+00:00,539
2023-09-13 00:00:00+00:00,478
2023-09-14 00:00:00+00:00,543
2023-09-15 00:00:00+00:00,546
2023-09-16 00:00:00+00:00,502
2023-09-17 00:00:00+00:00,576
2023-09-18 00:00:00+00:00,555
2023-09-19 00:00:00+00:00,500
2023-09-20 00:00:00+00:00,644
2023-09-21 00:00:00+00:00,581
2023-09-22 00:00:00+00:00,546
2023-09-23 00:00:00+00:00,547
2023-09-24 00:00:00+00:00,458
2023-09-25 00:00:00+00:00,472
2023-09-26 00:00:00+00:00,512
2023-09-27 00:00:00+00:00,549
2023-09-28 00:00:00+00:00,485
2023-09-29 00:00:00+00:00,517
2023-09-30 00:00:00+00:00,559
2023-10-01 00:00:00+00:00,525
2023-10-02 00:00:00+00:00,558
2023-10-03 00:00:00+00:00,540
2023-10-04 00:00:00+00:00,534
2023-10-05 00:00:00+00:00,568
2023-10-06 00:00:00+00:00,513
2023-10-07 00:00:00+00:00,539
2023-10-08 00:00:00+00:00,555
2023-10-09 00:00:00+00:00,645
2023-10-10 00:00:00+00:00,543
2023-10-11 00:00:00+00:00,547
2023-10-12 00:00:00+00:00,582
2023-10-13 00:00:00+00:00,580
2023-10-14 00:00:00+00:00,579
2023-10-15 00:00:00+00:00,539
2023-10-16 00:00:00+00:00,549
2023-10-17 00:00:00+00:00,557
2023-10-18 00:00:00+00:00,562
2023-10-19 00:00:00+00:00,640
2023-10-20 00:00:00+00:00,596
2023-10-21 00:00:00+00:00,576
2023-10-22 00:00:00+00:00,568
2023-10-23 00:00:00+00:00,472
2023-10-24 00:00:00+00:00,521
2023-10-25 00:00:00+00:00,549
2023-10-26 00:00:00+00:00,530
2023-10-27 00:00:00+00:00,501
2023-10-28 00:00:00+00:00,591
2023-10-29 00:00:00+00:00,542
2023-10-30 00:00:00+00:00,552
2023-10-31 00:00:00+00:00,566
2023-11-01 00:00:00+00:00,569
2023-11-02 00:00:00+00:00,496
2023-11-03 00:00:00+00:00,537
2023-11-04 00:00:00+00:00,602
2023-11-05 00:00:00+00:00,702
2023-11-06 00:00:00+00:00,574
2023-11-07 00:00:00+00:00,549
2023-11-08 00:00:00+00:00,517
2023-11-09 00:00:00+00:00,483
2023-11-10 00:00:00+00:00,525
2023-11-11 00:00:00+00:00,624
2023-11-12 00:00:00+00:00,619
2023-11-13 00:00:00+00:00,611
2023-11-14 00:00:00+00:00,550
2023-11-15 00:00:00+00:00,519
2023-11-16 00:00:00+00:00,499
2023-11-17 00:00:00+00:00,491
2023-11-18 00:00:00+00:00,632
2023-11-19 00:00:00+00:00,515
2023-11-20 00:00:00+00:00,508
2023-11-21 00:00:00+00:00,546
2023-11-22 00:00:00+00:00,598
2023-11-23 00:00:00+00:00,527
2023-11-24 00:00:00+00:00,499
2023-11-25 00:00:00+00:00,640
2023-11-26 00:00:00+00:00,540
2023-11-27 00:00:00+00:00,538
2023-11-28 00:00:00+00:00,530
2023-11-29 00:00:00+00:00,551
2023-11-30 00:00:00+00:00,561
2023-12-01 00:00:00+00:00,606
2023-12-02 00:00:00+00:00,657
2023-12-03 00:00:00+00:00,603
2023-12-04 00:00:00+00:00,530
2023-12-05 00:00:00+00:00,535
2023-12-06 00:00:00+00:00,558
2023-12-07 00:00:00+00:00,535
2023-12-08 00:00:00+00:00,565
2023-12-09 00:00:00+00:00,586
2023-12-10 00:00:00+00:00,534
2023-12-11 00:00:00+00:00,575
2023-12-12 00:00:00+00:00,572
2023-12-13 00:00:00+00:00,486
2023-12-14 00:00:00+00:00,566
2023-12-15 00:00:00+00:00,548
2023-12-16 00:00:00+00:00,573
2023-12-17 00:00:00+00:00,486
2023-12-18 00:00:00+00:00,560
2023-12-19 00:00:00+00:00,575
2023-12-20 00:00:00+00:00,519
2023-12-21 00:00:00+00:00,540
2023-12-22 00:00:00+00:00,552
2023-12-23 00:00:00+00:00,526
2023-12-24 00:00:00+00:00,524
2023-12-25 00:00:00+00:00,634
2023-12-26 00:00:00+00:00,521
2023-12-27 00:00:00+00:00,435
2023-12-28 00:00:00+00:00,463
2023-12-29 00:00:00+00:00,447
2023-12-30 00:00:00+00:00,503
2023-12-31 00:00:00+00:00,552
2024-01-01 00:00:00+00:00,586
2024-01-02 00:00:00+00:00,733
2024-01-03 00:00:00+00:00,473
2024-01-04 00:00:00+00:00,653
2024-01-05 00:00:00+00:00,504
2024-01-06 00:00:00+00:00,458
2024-01-07 00:00:00+00:00,508
2024-01-08 00:00:00+00:00,510
2024-01-09 00:00:00+00:00,531
2024-01-10 00:00:00+00:00,540
2024-01-11 00:00:00+00:00,539
2024-01-12 00:00:00+00:00,447
2024-01-13 00:00:00+00:00,574
2024-01-14 00:00:00+00:00,478
2024-01-15 00:00:00+00:00,562
2024-01-16 00:00:00+00:00,588
2024-01-17 00:00:00+00:00,583
2024-01-18 00:00:00+00:00,591
2024-01-19 00:00:00+00:00,580
2024-01-20 00:00:00+00:00,582
2024-01-21 00:00:00+00:00,652
2024-01-22 00:00:00+00:00,578
2024-01-23 00:00:00+00:00,533
2024-01-24 00:00:00+00:00,531
2024-01-25 00:00:00+00:00,498
2024-01-26 00:00:00+00:00,565
2024-01-27 00:00:00+00:00,533
2024-01-28 00:00:00+00:00,521
2024-01-29 00:00:00+00:00,522
2024-01-30 00:00:00+00:00,477
2024-01-31 00:00:00+00:00,482
2024-02-01 00:00:00+00:00,552
2024-02-02 00:00:00+00:00,481
2024-02-03 00:00:00+00:00,567
2024-02-04 00:00:00+00:00,511
2024-02-05 00:00:00+00:00,500
2024-02-06 00:00:00+00:00,446
2024-02-07 00:00:00+00:00,588
2024-02-08 00:00:00+00:00,543
2024-02-09 00:00:00+00:00,556
2024-02-10 00:00:00+00:00,489
2024-02-11 00:00:00+00:00,472
2024-02-12 00:00:00+00:00,511
2024-02-13 00:00:00+00:00,504
2024-02-14 00:00:00+00:00,547
2024-02-15 00:00:00+00:00,598
2024-02-16 00:00:00+00:00,525
2024-02-17 00:00:00+00:00,508
2024-02-18 00:00:00+00:00,535
2024-02-19 00:00:00+00:00,475
2024-02-20 00:00:00+00:00,486
2024-02-21 00:00:00+00:00,484
2024-02-22 00:00:00+00:00,470
2024-02-23 00:00:00+00:00,539
2024-02-24 00:00:00+00:00,597
2024-02-25 00:00:00+00:00,437
2024-02-26 00:00:00+00:00,517
2024-02-27 00:00:00+00:00,515
2024-02-28 00:00:00+00:00,475
2024-02-29 00:00:00+00:00,549
2024-03-01 00:00:00+00:00,540
2024-03-02 00:00:00+00:00,467
2024-03-03 00:00:00+00:00,558
2024-03-04 00:00:00+00:00,486
2024-03-05 00:00:00+00:00,442
2024-03-06 00:00:00+00:00,502
2024-03-07 00:00:00+00:00,472
2024-03-08 00:00:00+00:00,527
2024-03-09 00:00:00+00:00,459
2024-03-10 00:00:00+00:00,493
2024-03-11 00:00:00+00:00,482
2024-03-12 00:00:00+00:00,476
2024-03-13 00:00:00+00:00,497
2024-03-14 00:00:00+00:00,534
2024-03-15 00:00:00+00:00,480
2024-03-16 00:00:00+00:00,488
2024-03-17 00:00:00+00:00,518
2024-03-18 00:00:00+00:00,502
2024-03-19 00:00:00+00:00,490
2024-03-20 00:00:00+00:00,599
2024-03-21 00:00:00+00:00,507
2024-03-22 00:00:00+00:00,508
2024-03-23 00:00:00+00:00,516
2024-03-24 00:00:00+00:00,544
2024-03-25 00:00:00+00:00,545
2024-03-26 00:00:00+00:00,510
2024-03-27 00:00:00+00:00,513
2024-03-28 00:00:00+00:00,521
2024-03-29 00:00:00+00:00,518
2024-03-30 00:00:00+00:00,527
2024-03-31 00:00:00+00:00,495
2024-04-01 00:00:00+00:00,479
2024-04-02 00:00:00+00:00,405
2024-04-03 00:00:00+00:00,508
2024-04-04 00:00:00+00:00,552
2024-04-05 00:00:00+00:00,412
2024-04-06 00:00:00+00:00,486
2024-04-07 00:00:00+00:00,449
2024-04-08 00:00:00+00:00,479
2024-04-09 00:00:00+00:00,463
2024-04-10 00:00:00+00:00,470
2024-04-11 00:00:00+00:00,549
2024-04-12 00:00:00+00:00,602
2024-04-13 00:00:00+00:00,588
2024-04-14 00:00:00+00:00,557
2024-04-15 00:00:00+00:00,564
2024-04-16 00:00:00+00:00,561
2024-04-17 00:00:00+00:00,466
2024-04-18 00:00:00+00:00,515
2024-04-19 00:00:00+00:00,457
2024-04-20 00:00:00+00:00,497
2024-04-21 00:00:00+00:00,492
2024-04-22 00:00:00+00:00,569
2024-04-23 00:00:00+00:00,489
2024-04-24 00:00:00+00:00,575
2024-04-25 00:00:00+00:00,512
2024-04-26 00:00:00+00:00,546
2024-04-27 00:00:00+00:00,531
2024-04-28 00:00:00+00:00,536
2024-04-29 00:00:00+00:00,523
2024-04-30 00:00:00+00:00,561
2024-05-01 00:00:00+00:00,544
2024-05-02 00:00:00+00:00,543
2024-05-03 00:00:00+00:00,553
2024-05-04 00:00:00+00:00,512
2024-05-05 00:00:00+00:00,545
2024-05-06 00:00:00+00:00,465
2024-05-07 00:00:00+00:00,490
2024-05-08 00:00:00+00:00,567
2024-05-09 00:00:00+00:00,584
2024-05-10 00:00:00+00:00,538
2024-05-11 00:00:00+00:00,522
2024-05-12 00:00:00+00:00,590
2024-05-13 00:00:00+00:00,506
2024-05-14 00:00:00+00:00,434
2024-05-15 00:00:00+00:00,514
2024-05-16 00:00:00+00:00,557
2024-05-17 00:00:00+00:00,561
2024-05-18 00:00:00+00:00,556
2024-05-19 00:00:00+00:00,514
2024-05-20 00:00:00+00:00,530
2024-05-21 00:00:00+00:00,491
2024-05-22 00:00:00+00:00,597
2024-05-23 00:00:00+00:00,527
2024-05-24 00:00:00+00:00,541
2024-05-25 00:00:00+00:00,546
2024-05-26 00:00:00+00:00,504
2024-05-27 00:00:00+00:00,466
2024-05-28 00:00:00+00:00,471
2024-05-29 00:00:00+00:00,532
2024-05-30 00:00:00+00:00,505
2024-05-31 00:00:00+00:00,482
2024-06-01 00:00:00+00:00,513
2024-06-02 00:00:00+00:00,566
2024-06-03 00:00:00+00:00,576
2024-06-04 00:00:00+00:00,501
2024-06-05 00:00:00+00:00,492
2024-06-06 00:00:00+00:00,511
2024-06-07 00:00:00+00:00,517
2024-06-08 00:00:00+00:00,556
2024-06-09 00:00:00+00:00,553
2024-06-10 00:00:00+00:00,487
2024-06-11 00:00:00+00:00,561
2024-06-12 00:00:00+00:00,507
2024-06-13 00:00:00+00:00,578
2024-06-14 00:00:00+00:00,518
2024-06-15 00:00:00+00:00,567
2024-06-16 00:00:00+00:00,521
2024-06-17 00:00:00+00:00,616
2024-06-18 00:00:00+00:00,516
2024-06-19 00:00:00+00:00,567
2024-06-20 00:00:00+00:00,559
2024-06-21 00:00:00+00:00,594
2024-06-22 00:00:00+00:00,637
2024-06-23 00:00:00+00:00,542
2024-06-24 00:00:00+00:00,633
2024-06-25 00:00:00+00:00,638
2024-06-26 00:00:00+00:00,601
2024-06-27 00:00:00+00:00,632
2024-06-28 00:00:00+00:00,609
2024-06-29 00:00:00+00:00,634
2024-06-30 00:00:00+00:00,459
2024-07-01 00:00:00+00:00,536
2024-07-02 00:00:00+00:00,495
2024-07-03 00:00:00+00:00,519
2024-07-04 00:00:00+00:00,560
2024-07-05 00:00:00+00:00,574
2024-07-06 00:00:00+00:00,598
2024-07-07 00:00:00+00:00,553
2024-07-08 00:00:00+00:00,496
2024-07-09 00:00:00+00:00,599
2024-07-10 00:00:00+00:00,591
2024-07-11 00:00:00+00:00,532
2024-07-12 00:00:00+00:00,573
2024-07-13 00:00:00+00:00,627
2024-07-14 00:00:00+00:00,524
2024-07-15 00:00:00+00:00,631
2024-07-16 00:00:00+00:00,595
2024-07-17 00:00:00+00:00,577
2024-07-18 00:00:00+00:00,511
2024-07-19 00:00:00+00:00,662
2024-07-20 00:00:00+00:00,517
2024-07-21 00:00:00+00:00,542
2024-07-22 00:00:00+00:00,496
2024-07-23 00:00:00+00:00,588
2024-07-24 00:00:00+00:00,558
2024-07-25 00:00:00+00:00,557
2024-07-26 00:00:00+00:00,534
2024-07-27 00:00:00+00:00,677
2024-07-28 00:00:00+00:00,580
2024-07-29 00:00:00+00:00,570
2024-07-30 00:00:00+00:00,611
2024-07-31 00:00:00+00:00,602
2024-08-01 00:00:00+00:00,581
2024-08-02 00:00:00+00:00,554
2024-08-03 00:00:00+00:00,489
2024-08-04 00:00:00+00:00,503
2024-08-05 00:00:00+00:00,472
2024-08-06 00:00:00+00:00,581
2024-08-07 00:00:00+00:00,509
2024-08-08 00:00:00+00:00,540
2024-08-09 00:00:00+00:00,556
2024-08-10 00:00:00+00:00,569
2024-08-11 00:00:00+00:00,497
2024-08-12 00:00:00+00:00,618
2024-08-13 00:00:00+00:00,541
2024-08-14 00:00:00+00:00,564
2024-08-15 00:00:00+00:00,564
2024-08-16 00:00:00+00:00,592
2024-08-17 00:00:00+00:00,539
2024-08-18 00:00:00+00:00,511
2024-08-19 00:00:00+00:00,544
2024-08-20 00:00:00+00:00,554
2024-08-21 00:00:00+00:00,615
2024-08-22 00:00:00+00:00,590
2024-08-23 00:00:00+00:00,496
2024-08-24 00:00:00+00:00,620
2024-08-25 00:00:00+00:00,533
2024-08-26 00:00:00+00:00,481
2024-08-27 00:00:00+00:00,614
2024-08-28 00:00:00+00:00,572
2024-08-29 00:00:00+00:00,555
2024-08-30 00:00:00+00:00,497
2024-08-31 00:00:00+00:00,564
2024-09-01 00:00:00+00:00,579
2024-09-02 00:00:00+00:00,565
2024-09-03 00:00:00+00:00,573
2024-09-04 00:00:00+00:00,593
2024-09-05 00:00:00+00:00,590
2024-09-06 00:00:00+00:00,593
2024-09-07 00:00:00+00:00,568
2024-09-08 00:00:00+00:00,748
2024-09-09 00:00:00+00:00,561
2024-09-10 00:00:00+00:00,532
2024-09-11 00:00:00+00:00,521
2024-09-12 00:00:00+00:00,542
2024-09-13 00:00:00+00:00,549
2024-09-14 00:00:00+00:00,556
2024-09-15 00:00:00+00:00,539
2024-09-16 00:00:00+00:00,670
2024-09-17 00:00:00+00:00,509
2024-09-18 00:00:00+00:00,586
2024-09-19 00:00:00+00:00,567
2024-09-20 00:00:00+00:00,556
2024-09-21 00:00:00+00:00,616
2024-09-22 00:00:00+00:00,663
2024-09-23 00:00:00+00:00,655
2024-09-24 00:00:00+00:00,577
2024-09-25 00:00:00+00:00,555
2024-09-26 00:00:00+00:00,583
2024-09-27 00:00:00+00:00,576
2024-09-28 00:00:00+00:00,594
2024-09-29 00:00:00+00:00,612
2024-09-30 00:00:00+00:00,586
2024-10-01 00:00:00+00:00,533
2024-10-02 00:00:00+00:00,560
2024-10-03 00:00:00+00:00,521
2024-10-04 00:00:00+00:00,531
2024-10-05 00:00:00+00:00,553
2024-10-06 00:00:00+00:00,556
2024-10-07 00:00:00+00:00,553
2024-10-08 00:00:00+00:00,546
2024-10-09 00:00:00+00:00,542
2024-10-10 00:00:00+00:00,567
2024-10-11 00:00:00+00:00,578
2024-10-12 00:00:00+00:00,614
2024-10-13 00:00:00+00:00,588
2024-10-14 00:00:00+00:00,619
2024-10-15 00:00:00+00:00,597
2024-10-16 00:00:00+00:00,689
2024-10-17 00:00:00+00:00,624
2024-10-18 00:00:00+00:00,558
2024-10-19 00:00:00+00:00,629
2024-10-20 00:00:00+00:00,559
2024-10-21 00:00:00+00:00,585
2024-10-22 00:00:00+00:00,612
2024-10-23 00:00:00+00:00,516
2024-10-24 00:00:00+00:00,512
2024-10-25 00:00:00+00:00,602
2024-10-26 00:00:00+00:00,542
2024-10-27 00:00:00+00:00,597
2024-10-28 00:00:00+00:00,562
2024-10-29 00:00:00+00:00,563
2024-10-30 00:00:00+00:00,550
2024-10-31 00:00:00+00:00,647
2024-11-01 00:00:00+00:00,612
2024-11-02 00:00:00+00:00,594
2024-11-03 00:00:00+00:00,509
2024-11-04 00:00:00+00:00,485
2024-11-05 00:00:00+00:00,590
2024-11-06 00:00:00+00:00,548
2024-11-07 00:00:00+00:00,532
2024-11-08 00:00:00+00:00,488
2024-11-09 00:00:00+00:00,553
2024-11-10 00:00:00+00:00,523
2024-11-11 00:00:00+00:00,473
2024-11-12 00:00:00+00:00,475
2024-11-13 00:00:00+00:00,565
2024-11-14 00:00:00+00:00,496
2024-11-15 00:00:00+00:00,580
2024-11-16 00:00:00+00:00,570
2024-11-17 00:00:00+00:00,457
2024-11-18 00:00:00+00:00,440
2024-11-19 00:00:00+00:00,578
2024-11-20 00:00:00+00:00,635
2024-11-21 00:00:00+00:00,542
2024-11-22 00:00:00+00:00,539
2024-11-23 00:00:00+00:00,734
2024-11-24 00:00:00+00:00,806
2024-11-25 00:00:00+00:00,573
2024-11-26 00:00:00+00:00,528
2024-11-27 00:00:00+00:00,591
2024-11-28 00:00:00+00:00,521
2024-11-29 00:00:00+00:00,558
2024-11-30 00:00:00+00:00,539
2024-12-01 00:00:00+00:00,508
2024-12-02 00:00:00+00:00,486
2024-12-03 00:00:00+00:00,543
2024-12-04 00:00:00+00:00,455
2024-12-05 00:00:00+00:00,552
2024-12-06 00:00:00+00:00,544
2024-12-07 00:00:00+00:00,558
2024-12-08 00:00:00+00:00,604
2024-12-09 00:00:00+00:00,499
2024-12-10 00:00:00+00:00,513
2024-12-11 00:00:00+00:00,485
2024-12-12 00:00:00+00:00,553
2024-12-13 00:00:00+00:00,518
2024-12-14 00:00:00+00:00,531
2024-12-15 00:00:00+00:00,534
2024-12-16 00:00:00+00:00,480
2024-12-17 00:00:00+00:00,489
2024-12-18 00:00:00+00:00,519
2024-12-19 00:00:00+00:00,445
2024-12-20 00:00:00+00:00,564
2024-12-21 00:00:00+00:00,505
2024-12-22 00:00:00+00:00,528
2024-12-23 00:00:00+00:00,573
2024-12-24 00:00:00+00:00,585
2024-12-25 00:00:00+00:00,638
2024-12-26 00:00:00+00:00,499
2024-12-27 00:00:00+00:00,509
2024-12-28 00:00:00+00:00,526
2024-12-29 00:00:00+00:00,455
2024-12-30 00:00:00+00:00,503
2024-12-31 00:00:00+00:00,0
