IncidentNumber,CalYear,BoroughName,WardName,HourOfCall,ResourceMobilisationId,Resource_Code,PerformanceReporting,DateAndTimeMobilised,DateAndTimeMobile,DateAndTimeArrived,TurnoutTimeSeconds,TravelTimeSeconds,AttendanceTimeSeconds,DateAndTimeLeft,DateAndTimeReturned,DeployedFromStation_Code,DeployedFromStation_Name,DeployedFromLocation,PumpOrder,PlusCode_Code,PlusCode_Description,DelayCodeId,DelayCode_Description,conflicting_id,month,hour_gmt,weekday_gmt,year,eligible_kpi,exclusion_reason,attendance_min,borough,station,components_complete,components_consistent
010641-22012023,2023,HOUNSLOW,HOUNSLOW HEATH,14,6286395,G381,1,2023-01-22 14:32:55+00:00,2023-01-22 14:34:27+00:00,2023-01-22 14:39:26+00:00,92,299,391,2023-01-22 16:05:55+00:00,,G38,Heston,Home Station,1,Initial,Initial Mobilisation,12,Not held up,True,2023-01,14,6,2023,False,conflicting_id,6.516666666666667,HOUNSLOW,Heston,True,True
010641-22012023,2023,HOUNSLOW,HESTON CENTRAL,14,6286395,G381,1,2023-01-22 14:32:55+00:00,2023-01-22 14:34:27+00:00,2023-01-22 14:39:26+00:00,92,299,391,2023-01-22 16:05:55+00:00,,G38,Heston,Home Station,1,Initial,Initial Mobilisation,12,Not held up,True,2023-01,14,6,2023,False,conflicting_id,6.516666666666667,HOUNSLOW,Heston,True,True
081505-07062023,2023,BARNET,CHILDS HILL,19,6384761,A401,1,2023-06-07 18:14:33+00:00,2023-06-07 18:16:15+00:00,2023-06-07 18:23:38+00:00,102,443,545,2023-06-07 18:44:25+00:00,,A40,Hendon,Home Station,1,Initial,Initial Mobilisation,9,"Traffic, roadworks, etc",True,2023-06,18,2,2023,False,conflicting_id,9.083333333333334,BARNET,Hendon,True,True
081505-07062023,2023,BARNET,CRICKLEWOOD,19,6384761,A401,1,2023-06-07 18:14:33+00:00,2023-06-07 18:16:15+00:00,2023-06-07 18:23:38+00:00,102,443,545,2023-06-07 18:44:25+00:00,,A40,Hendon,Home Station,1,Initial,Initial Mobilisation,9,"Traffic, roadworks, etc",True,2023-06,18,2,2023,False,conflicting_id,9.083333333333334,BARNET,Hendon,True,True
032318-25022024,2024,LAMBETH,STREATHAM COMMON & VALE,18,6594570,H321,1,2024-02-25 18:50:27+00:00,2024-02-25 18:51:43+00:00,2024-02-25 18:54:30+00:00,76,167,243,2024-02-25 22:07:35+00:00,,H32,Norbury,Home Station,1,Initial,Initial Mobilisation,,,True,2024-02,18,6,2024,False,conflicting_id,4.05,LAMBETH,Norbury,True,True
032318-25022024,2024,CROYDON,NORBURY & POLLARDS HILL,18,6594570,H321,1,2024-02-25 18:50:27+00:00,2024-02-25 18:51:43+00:00,2024-02-25 18:54:30+00:00,76,167,243,2024-02-25 22:07:35+00:00,,H32,Norbury,Home Station,1,Initial,Initial Mobilisation,,,True,2024-02,18,6,2024,False,conflicting_id,4.05,CROYDON,Norbury,True,True
032318-25022024,2024,LAMBETH,STREATHAM COMMON & VALE,18,6594571,H251,2,2024-02-25 18:52:46+00:00,2024-02-25 18:53:58+00:00,2024-02-25 18:58:55+00:00,72,297,369,2024-02-25 22:21:49+00:00,,H25,West Norwood,Home Station,2,Initial,Initial Mobilisation,,,True,2024-02,18,6,2024,False,conflicting_id,6.15,LAMBETH,West Norwood,True,True
032318-25022024,2024,CROYDON,NORBURY & POLLARDS HILL,18,6594571,H251,2,2024-02-25 18:52:46+00:00,2024-02-25 18:53:58+00:00,2024-02-25 18:58:55+00:00,72,297,369,2024-02-25 22:21:49+00:00,,H25,West Norwood,Home Station,2,Initial,Initial Mobilisation,,,True,2024-02,18,6,2024,False,conflicting_id,6.15,CROYDON,West Norwood,True,True
032318-25022024,2024,LAMBETH,STREATHAM COMMON & VALE,18,6594572,H351,Not Used,2024-02-25 18:52:46+00:00,2024-02-25 18:54:20+00:00,2024-02-25 19:02:06+00:00,94,466,560,2024-02-25 22:26:23+00:00,,H35,Tooting,Home Station,3,Initial,Initial Mobilisation,,,True,2024-02,18,6,2024,False,conflicting_id,9.333333333333334,LAMBETH,Tooting,True,True
032318-25022024,2024,CROYDON,NORBURY & POLLARDS HILL,18,6594572,H351,Not Used,2024-02-25 18:52:46+00:00,2024-02-25 18:54:20+00:00,2024-02-25 19:02:06+00:00,94,466,560,2024-02-25 22:26:23+00:00,,H35,Tooting,Home Station,3,Initial,Initial Mobilisation,,,True,2024-02,18,6,2024,False,conflicting_id,9.333333333333334,CROYDON,Tooting,True,True
107093-02072024,2024,,,18,6699255,G232,1,2024-07-02 17:16:19+00:00,2024-07-02 17:17:13+00:00,2024-07-02 17:24:20+00:00,54,427,481,2024-07-02 18:13:43+00:00,,G23,Hillingdon,Home Station,1,Initial,Initial Mobilisation,12,Not held up,True,2024-07,17,1,2024,False,conflicting_id,8.016666666666667,Unknown,Hillingdon,True,True
107093-02072024,2024,BUCKINGHAMSHIRE,,18,6699255,G232,1,2024-07-02 17:16:19+00:00,2024-07-02 17:17:13+00:00,2024-07-02 17:24:20+00:00,54,427,481,2024-07-02 18:13:43+00:00,,G23,Hillingdon,Home Station,1,Initial,Initial Mobilisation,12,Not held up,True,2024-07,17,1,2024,False,conflicting_id,8.016666666666667,BUCKINGHAMSHIRE,Hillingdon,True,True
144943-29082024,2024,,,14,6752175,G561,1,2024-08-29 14:01:15+00:00,2024-08-29 14:02:36+00:00,2024-08-29 14:07:26+00:00,81,290,371,2024-08-29 15:37:45+00:00,,G56,Heathrow,Home Station,1,Initial,Initial Mobilisation,12,Not held up,True,2024-08,14,3,2024,False,conflicting_id,6.183333333333334,Unknown,Heathrow,True,True
144943-29082024,2024,SLOUGH,,14,6752175,G561,1,2024-08-29 14:01:15+00:00,2024-08-29 14:02:36+00:00,2024-08-29 14:07:26+00:00,81,290,371,2024-08-29 15:37:45+00:00,,G56,Heathrow,Home Station,1,Initial,Initial Mobilisation,12,Not held up,True,2024-08,14,3,2024,False,conflicting_id,6.183333333333334,SLOUGH,Heathrow,True,True
160921-23092024,2024,MERTON,ABBEY,2,6775066,H341,1,2024-09-23 01:26:42+00:00,2024-09-23 01:28:06+00:00,2024-09-23 01:31:21+00:00,84,195,279,2024-09-23 02:03:20+00:00,,H34,Wimbledon,Home Station,1,Initial,Initial Mobilisation,,,True,2024-09,1,0,2024,False,conflicting_id,4.65,MERTON,Wimbledon,True,True
160921-23092024,2024,MERTON,WANDLE,2,6775066,H341,1,2024-09-23 01:26:42+00:00,2024-09-23 01:28:06+00:00,2024-09-23 01:31:21+00:00,84,195,279,2024-09-23 02:03:20+00:00,,H34,Wimbledon,Home Station,1,Initial,Initial Mobilisation,,,True,2024-09,1,0,2024,False,conflicting_id,4.65,MERTON,Wimbledon,True,True
