month,n,median_min,p90_min,mean_min
2023-01,14776,5.466666666666667,8.783333333333333,5.80953573362209
2023-02,13211,5.516666666666667,8.9,5.882732823657054
2023-03,14407,5.566666666666666,9.066666666666666,5.932227389463455
2023-04,13741,5.466666666666667,8.7,5.781767459913155
2023-05,14839,5.466666666666667,8.916666666666666,5.825982209043736
2023-06,16306,5.683333333333334,9.366666666666667,6.081309538411219
2023-07,15975,5.6,9.133333333333333,5.984617631716223
2023-08,15795,5.583333333333333,9.05,5.963041046744751
2023-09,16552,5.8,9.5,6.168482157241823
2023-10,17219,5.75,9.4,6.121329151905841
2023-11,16652,5.766666666666667,9.55,6.176676475298263
2023-12,16866,5.733333333333333,9.275,6.105363848373454
2024-01,16912,5.65,9.233333333333333,6.0444073241879535
2024-02,14971,5.55,8.916666666666666,5.896582281299401
2024-03,15716,5.633333333333334,9.0,5.952272630864512
2024-04,15393,5.583333333333333,8.933333333333334,5.902343056367613
2024-05,16287,5.683333333333334,9.339999999999995,6.065815271893739
2024-06,16761,5.716666666666667,9.5,6.110194300260525
2024-07,17583,5.666666666666667,9.283333333333333,6.08238829172117
2024-08,17013,5.666666666666667,9.2,6.049257430592292
2024-09,17512,5.8,9.383333333333333,6.155953060758337
2024-10,17805,5.75,9.3,6.108410558831789
2024-11,16634,5.8,9.416666666666666,6.164483387439381
2024-12,15701,5.75,9.333333333333334,6.1320913742224485
