column,missing_n,missing_pct,distinct
IncidentNumber,0,0.0,469741
CalYear,0,0.0,4
BoroughName,2734,0.37562323368463857,37
WardName,3499,0.48072629651154003,1283
HourOfCall,0,0.0,24
ResourceMobilisationId,0,0.0,723907
Resource_Code,0,0.0,142
PerformanceReporting,0,0.0,3
DateAndTimeMobilised,0,0.0,482430
DateAndTimeMobile,3203,0.44005896762688274,713333
DateAndTimeArrived,0,0.0,718681
TurnoutTimeSeconds,3222,0.44266937049447896,710
TravelTimeSeconds,3227,0.44335631861753066,1166
AttendanceTimeSeconds,0,0.0,1201
DateAndTimeLeft,280,0.03846909489089203,719002
DateAndTimeReturned,727857,100.0,0
DeployedFromStation_Code,4,0.0005495584984413147,110
DeployedFromStation_Name,4,0.0005495584984413147,110
DeployedFromLocation,505,0.06938176042821598,2
PumpOrder,0,0.0,13
PlusCode_Code,0,0.0,1
PlusCode_Description,0,0.0,1
DelayCodeId,544717,74.8384641488644,10
DelayCode_Description,544717,74.8384641488644,10
