station,n,median_min,p90_min,mean_min
Acton,3583,5.75,9.266666666666667,6.074216206158713
Addington,1857,5.266666666666667,10.190000000000001,5.895216298689642
Barking,3398,6.016666666666667,9.5,6.4337747694722385
Barnet,1797,5.283333333333333,8.983333333333333,5.714431459840475
Battersea,3295,5.433333333333334,8.909999999999998,5.796059686393526
Beckenham,2853,6.266666666666667,9.366666666666667,6.391406706390934
Bethnal Green,5254,5.3,8.3,5.556947087933003
Bexley,2282,6.0,9.866666666666667,6.37247297692083
Biggin Hill,487,7.9,12.656666666666668,7.867008898015058
Brixton,6776,4.616666666666666,7.516666666666667,4.930180047225502
Bromley,3694,5.816666666666666,9.55,6.19546110810323
Buckinghamshire,2,3.7916666666666665,6.345000000000001,3.7916666666666665
Chelsea,5975,5.316666666666666,8.483333333333333,5.629966527196653
Chingford,1561,6.466666666666667,10.9,6.966004697843262
Chiswick,2842,6.283333333333333,9.983333333333333,6.599249354914379
Clapham,3976,5.416666666666667,8.3,5.68726106639839
Croydon,6492,5.133333333333334,8.583333333333334,5.560946806325734
Dagenham,4347,6.333333333333333,10.116666666666667,6.683617053906909
Dartford,1,5.783333333333333,5.783333333333333,5.783333333333333
Deptford,2616,5.25,8.625,5.665456167176351
Dockhead,2902,5.516666666666667,8.898333333333335,5.88477486790719
Dowgate,4847,5.8,9.183333333333334,6.126040162299705
Ealing,3115,5.55,8.9,5.81876404494382
East Greenwich,3756,6.266666666666667,10.75,6.834242988995386
East Ham,3002,5.783333333333333,9.315000000000001,6.121979791250278
Edmonton,3731,6.066666666666666,9.95,6.438796569284374
Eltham,2247,5.85,9.15,6.0705533303664145
Enfield,3884,5.966666666666667,9.495000000000005,6.356488156539649
Erith,2337,5.966666666666667,9.373333333333335,6.196534017971758
Esher,1,1.4833333333333334,1.4833333333333334,1.4833333333333334
Essex,2,5.491666666666667,9.845,5.491666666666667
Euston,7204,5.566666666666666,8.866666666666667,5.854992596705534
Feltham,3840,6.216666666666667,10.351666666666665,6.718315972222222
Finchley,3549,6.0,9.753333333333337,6.359274913121067
Fordbridge,1,4.7,4.7,4.7
Forest Hill,3234,5.833333333333333,9.25,6.087775716347144
Fulham,4716,5.383333333333334,9.216666666666667,5.8692182640655925
Greenwich,2856,5.583333333333333,9.416666666666666,6.014653361344537
Hainault,1171,6.8,9.933333333333334,6.7836179903216625
Hammersmith,7313,5.316666666666666,8.45,5.637795706276494
Harold Hill,1531,5.766666666666667,9.933333333333334,6.343947311125627
Harrow,2691,6.233333333333333,9.45,6.47736900780379
Hayes,2557,6.916666666666667,10.816666666666666,7.296323816973016
Heathrow,1978,6.883333333333334,11.316666666666666,7.333998988877654
Hendon,3979,6.25,9.78666666666667,6.645233308201391
Hertfordshire,2,1.75,3.07,1.75
Heston,4005,5.833333333333333,9.743333333333332,6.273599667082813
Hillingdon,3777,6.016666666666667,9.623333333333335,6.364557408878299
Holloway,4308,5.366666666666666,8.733333333333333,5.748773599504798
Homerton,5102,5.333333333333333,8.633333333333333,5.703773030184242
Hornchurch,1732,6.258333333333333,10.04666666666667,6.5148190916089295
Hornsey,3876,5.416666666666667,8.983333333333333,5.855211558307533
Ilford,5265,5.65,8.960000000000006,5.9852643241532135
Islington,5041,5.65,8.816666666666666,6.028833564768894
Kensington,5251,5.583333333333333,8.783333333333333,5.928664381387672
Kentish Town,7016,5.683333333333334,8.966666666666667,6.026788768529076
Kingston,1957,6.3,9.806666666666668,6.564631238289899
Lambeth,8391,5.133333333333334,8.3,5.52091923886704
Lee Green,1687,5.783333333333333,9.333333333333334,6.07472831456234
Lewisham,4437,5.45,8.866666666666667,5.7915107805574335
Leyton,2448,5.533333333333333,8.866666666666667,5.8625680827886715
Leytonstone,2969,5.95,9.683333333333334,6.261187829796789
Mill Hill,1872,6.4,10.466666666666667,6.917476851851852
Millwall,2349,5.5,9.116666666666667,5.929083297857244
Mitcham,2511,5.75,9.35,6.120655781229258
New Cross,3361,5.566666666666666,8.283333333333333,5.737821084994545
New Malden,1919,6.2,9.74,6.4950234497133925
Norbury,4923,5.45,8.783333333333333,5.788489403480263
North Kensington,8047,4.733333333333333,8.166666666666666,5.180601466384989
Northolt,4046,6.583333333333333,10.35,6.812860438292964
Old Kent Road,3989,5.133333333333334,8.433333333333334,5.556004011030334
Orpington,2290,6.333333333333333,10.034999999999998,6.698660844250363
Paddington,8873,5.116666666666666,8.216666666666667,5.4917464968631435
Park Royal,2426,6.8,10.675,7.1229252541907115
Peckham,4084,4.966666666666667,8.083333333333334,5.296065948416586
Plaistow,3631,5.85,9.083333333333334,6.10384191682732
Plumstead,5137,5.8,8.95,6.065735513594186
Poplar,4381,5.066666666666666,8.033333333333333,5.401419006315148
Purley,1633,6.216666666666667,10.35,6.633864053888549
Richmond,2253,6.4,10.383333333333333,6.72400503032993
Romford,1799,5.633333333333334,9.133333333333333,6.115045395590143
Ruislip,1542,7.066666666666666,10.481666666666667,7.233063121487246
Shadwell,3096,5.783333333333333,9.125,6.087704565030147
Shoreditch,6248,5.083333333333333,8.4,5.47699530516432
Sidcup,2288,6.066666666666666,10.53666666666668,6.520840617715617
Soho,12126,5.666666666666667,8.95,5.967118863049096
Southall,4163,6.133333333333334,9.880000000000003,6.4934902714388665
Southgate,2638,6.133333333333334,9.838333333333336,6.453342178417994
Stanmore,3656,6.283333333333333,9.533333333333333,6.5778765499635306
Stoke Newington,5997,5.366666666666666,8.6,5.744152631871492
Stratford,4232,5.466666666666667,9.233333333333333,5.844395872715816
Surbiton,2054,5.333333333333333,8.895000000000001,5.69677864329763
Surrey,5,0.5333333333333333,9.41,3.7866666666666666
Sutton,3440,5.15,8.033333333333333,5.503343023255814
Tooting,4673,5.6,8.680000000000003,5.928625436907055
Tottenham,6593,5.583333333333333,8.866666666666667,5.946061479346782
Twickenham,2816,6.15,9.883333333333333,6.415477035984849
Wallington,2398,6.116666666666666,9.55,6.316819571865444
Walthamstow,3994,5.333333333333333,9.25,5.8856785177766655
Wandsworth,3830,5.35,8.25,5.590557006092254
Wembley,3802,6.716666666666667,10.581666666666669,7.024311765737331
Wennington,800,6.433333333333334,11.403333333333334,6.925375
West Hampstead,6774,5.758333333333333,8.761666666666665,6.048189154610767
West Norwood,4967,5.85,8.906666666666675,6.031078451110663
Whitechapel,4780,5.55,8.866666666666667,5.813308926080892
Willesden,3259,5.733333333333333,9.283333333333333,6.053083768027002
Wimbledon,2827,5.816666666666666,9.940000000000001,6.2897476712651805
Woodford,2022,6.933333333333334,10.683333333333334,7.132146389713156
Woodside,3287,6.3,9.266666666666667,6.4601511002940875
