borough,hour_gmt,n,median_min,p90_min,mean_min
BARKING AND DAGENHAM,0,260,5.916666666666667,8.621666666666666,6.2475
BARKING AND DAGENHAM,1,202,6.324999999999999,9.165,6.594059405940594
BARKING AND DAGENHAM,2,170,6.516666666666667,9.49833333333333,6.823823529411764
BARKING AND DAGENHAM,3,129,6.333333333333333,9.173333333333334,6.764987080103359
BARKING AND DAGENHAM,4,163,6.166666666666667,9.153333333333336,6.3714723926380366
BARKING AND DAGENHAM,5,125,6.366666666666666,8.646666666666667,6.2824
BARKING AND DAGENHAM,6,178,6.266666666666667,8.793333333333333,6.53005617977528
BARKING AND DAGENHAM,7,195,5.75,9.446666666666665,6.270085470085471
BARKING AND DAGENHAM,8,206,5.766666666666667,8.058333333333334,5.816423948220065
BARKING AND DAGENHAM,9,265,5.833333333333333,9.209999999999999,6.112452830188679
BARKING AND DAGENHAM,10,324,6.05,10.128333333333332,6.526954732510287
BARKING AND DAGENHAM,11,293,5.9,9.206666666666667,6.232195676905574
BARKING AND DAGENHAM,12,327,5.916666666666667,10.56666666666667,6.50112130479103
BARKING AND DAGENHAM,13,339,6.116666666666666,11.02,6.739724680432646
BARKING AND DAGENHAM,14,367,6.25,10.283333333333333,6.698274296094461
BARKING AND DAGENHAM,15,424,6.1,9.816666666666666,6.450196540880503
BARKING AND DAGENHAM,16,412,6.1,9.776666666666669,6.554328478964401
BARKING AND DAGENHAM,17,460,6.383333333333333,10.633333333333333,6.9137681159420294
BARKING AND DAGENHAM,18,462,5.8583333333333325,9.638333333333337,6.214718614718614
BARKING AND DAGENHAM,19,416,5.783333333333333,9.441666666666666,6.249679487179487
BARKING AND DAGENHAM,20,376,5.683333333333334,8.791666666666668,5.952171985815603
BARKING AND DAGENHAM,21,387,5.633333333333334,8.790000000000003,5.933333333333333
BARKING AND DAGENHAM,22,324,5.625,8.056666666666667,5.865174897119341
BARKING AND DAGENHAM,23,335,5.933333333333334,8.866666666666667,6.220199004975125
BARNET,0,346,5.833333333333333,8.841666666666667,6.302504816955683
BARNET,1,323,6.133333333333334,9.223333333333333,6.493498452012385
BARNET,2,243,6.35,9.113333333333333,6.480864197530864
BARNET,3,226,5.941666666666666,8.841666666666667,6.3283185840707965
BARNET,4,204,6.266666666666667,8.395,6.345506535947712
BARNET,5,194,6.074999999999999,8.453333333333335,6.25352233676976
BARNET,6,305,6.216666666666667,10.103333333333335,6.83655737704918
BARNET,7,357,5.75,8.693333333333335,6.027357609710552
BARNET,8,505,5.766666666666667,9.606666666666667,6.18046204620462
BARNET,9,577,6.083333333333333,9.9,6.478162911611785
BARNET,10,607,6.066666666666666,10.1,6.511202635914333
BARNET,11,702,6.541666666666666,10.783333333333333,6.925332383665716
BARNET,12,699,6.283333333333333,10.416666666666666,6.786552217453505
BARNET,13,720,6.275,10.621666666666668,6.697060185185185
BARNET,14,678,6.266666666666667,10.426666666666668,6.657620452310718
BARNET,15,673,6.4,10.343333333333335,6.7877909856364536
BARNET,16,798,6.4,10.655000000000001,6.852276524644946
BARNET,17,739,6.3,10.1,6.68958051420839
BARNET,18,808,6.125,9.966666666666667,6.522235973597359
BARNET,19,790,5.758333333333333,9.266666666666667,6.113966244725739
BARNET,20,674,5.666666666666667,9.158333333333337,6.0580613254203755
BARNET,21,603,5.65,9.726666666666668,6.1467108899944725
BARNET,22,584,5.616666666666666,8.85666666666667,6.010644977168949
BARNET,23,456,5.6416666666666675,8.775,6.076937134502924
BEXLEY,0,214,6.05,9.778333333333334,6.376401869158879
BEXLEY,1,162,6.158333333333333,8.793333333333335,6.363888888888889
BEXLEY,2,146,6.3,9.525,6.532077625570776
BEXLEY,3,120,5.966666666666667,9.895000000000003,6.416250000000001
BEXLEY,4,95,6.3,10.646666666666667,6.811052631578947
BEXLEY,5,136,6.25,9.966666666666665,6.761151960784313
BEXLEY,6,179,6.633333333333334,9.91666666666667,6.979236499068901
BEXLEY,7,236,5.691666666666666,9.425,6.081285310734463
BEXLEY,8,272,5.525,8.863333333333333,5.879350490196079
BEXLEY,9,304,5.8916666666666675,9.701666666666663,6.221436403508772
BEXLEY,10,347,6.016666666666667,10.353333333333335,6.567339097022095
BEXLEY,11,326,6.2,10.866666666666667,6.655981595092024
BEXLEY,12,380,5.916666666666667,9.483333333333333,6.202543859649123
BEXLEY,13,345,6.083333333333333,10.533333333333333,6.434685990338164
BEXLEY,14,365,6.183333333333334,10.976666666666667,6.752054794520548
BEXLEY,15,457,6.316666666666666,10.916666666666666,6.76943836615609
BEXLEY,16,410,6.183333333333334,9.735,6.263983739837398
BEXLEY,17,490,6.091666666666667,10.57,6.588979591836734
BEXLEY,18,423,5.783333333333333,9.063333333333334,5.982781717888101
BEXLEY,19,372,5.7,8.875000000000009,5.9064068100358424
BEXLEY,20,404,5.733333333333333,8.566666666666666,5.932590759075908
BEXLEY,21,310,5.916666666666667,9.836666666666671,6.241666666666667
BEXLEY,22,279,5.783333333333333,9.193333333333333,6.014456391875747
BEXLEY,23,225,6.15,9.593333333333334,6.49037037037037
BRENT,0,407,6.066666666666666,8.913333333333334,6.349467649467649
BRENT,1,362,6.0,8.98,6.210036832412523
BRENT,2,264,6.283333333333333,9.795,6.504987373737373
BRENT,3,250,6.366666666666666,9.185,6.559399999999999
BRENT,4,189,6.083333333333333,9.476666666666668,6.595767195767196
BRENT,5,204,6.6083333333333325,9.661666666666667,6.920996732026144
BRENT,6,275,6.266666666666667,9.193333333333333,6.589333333333333
BRENT,7,378,6.233333333333333,9.666666666666666,6.475132275132275
BRENT,8,409,5.8,8.77,6.045273023634882
BRENT,9,443,6.033333333333333,9.366666666666667,6.251354401805869
BRENT,10,580,6.3,9.310000000000002,6.505948275862068
BRENT,11,594,6.458333333333334,10.506666666666668,6.788103254769921
BRENT,12,591,6.666666666666667,10.216666666666667,6.87873660462493
BRENT,13,619,6.483333333333333,10.270000000000001,6.796257404415724
BRENT,14,621,6.266666666666667,10.716666666666667,6.667901234567901
BRENT,15,626,6.7,10.875,6.979259850905218
BRENT,16,684,6.683333333333334,10.430000000000003,6.998269980506823
BRENT,17,718,6.516666666666667,10.543333333333335,6.940947075208914
BRENT,18,718,6.183333333333334,9.833333333333334,6.5810352831940575
BRENT,19,749,6.0,9.270000000000001,6.253226524254562
BRENT,20,651,5.816666666666666,8.9,6.16121351766513
BRENT,21,662,5.758333333333333,8.846666666666666,6.0419184290030215
BRENT,22,625,5.933333333333334,8.603333333333335,6.14888
BRENT,23,550,6.058333333333334,9.051666666666668,6.330727272727273
BROMLEY,0,263,6.116666666666666,8.906666666666666,6.198669201520913
BROMLEY,1,216,6.416666666666667,9.675,6.677623456790123
BROMLEY,2,184,6.6,9.868333333333334,6.883152173913044
BROMLEY,3,192,6.35,10.03,6.811892361111112
BROMLEY,4,166,6.6083333333333325,9.908333333333333,6.870080321285141
BROMLEY,5,163,6.3,8.806666666666667,6.452351738241309
BROMLEY,6,231,6.566666666666666,9.516666666666667,6.692929292929293
BROMLEY,7,298,6.258333333333333,9.163333333333334,6.406152125279642
BROMLEY,8,395,5.616666666666666,9.536666666666669,6.127637130801688
BROMLEY,9,470,6.208333333333334,9.733333333333333,6.405248226950355
BROMLEY,10,535,6.633333333333334,11.21,6.955794392523364
BROMLEY,11,524,6.566666666666666,11.011666666666667,6.86882951653944
BROMLEY,12,565,6.333333333333333,10.263333333333334,6.644513274336283
BROMLEY,13,552,6.383333333333334,10.295000000000002,6.712711352657005
BROMLEY,14,545,6.633333333333334,10.760000000000002,6.787064220183486
BROMLEY,15,533,6.25,11.13,6.732645403377111
BROMLEY,16,545,6.4,10.683333333333335,6.786177370030581
BROMLEY,17,663,6.25,10.2,6.544218200100553
BROMLEY,18,636,5.975,9.75,6.286137316561844
BROMLEY,19,604,5.8,9.533333333333333,6.151903973509934
BROMLEY,20,487,6.166666666666667,9.006666666666668,6.191991786447638
BROMLEY,21,423,5.833333333333333,9.260000000000002,6.1511820330969265
BROMLEY,22,342,6.033333333333333,10.190000000000003,6.521491228070175
BROMLEY,23,316,6.316666666666666,9.55,6.621466244725738
CAMDEN,0,524,5.3,8.183333333333334,5.608269720101781
CAMDEN,1,519,5.433333333333334,8.489999999999998,5.673506743737958
CAMDEN,2,464,5.558333333333334,8.040000000000001,5.807327586206896
CAMDEN,3,324,5.433333333333334,7.908333333333332,5.612242798353909
CAMDEN,4,319,5.6,8.283333333333333,5.842110762800418
CAMDEN,5,322,5.583333333333333,8.430000000000001,5.898913043478261
CAMDEN,6,410,5.416666666666667,8.185,5.664715447154472
CAMDEN,7,554,5.574999999999999,8.483333333333333,5.743772563176895
CAMDEN,8,757,5.45,8.579999999999998,5.757463672391017
CAMDEN,9,868,5.625,8.838333333333335,5.928072196620584
CAMDEN,10,921,5.883333333333334,9.333333333333334,6.136264929424539
CAMDEN,11,862,5.983333333333333,10.248333333333333,6.4025522041763345
CAMDEN,12,820,5.95,9.666666666666666,6.239288617886178
CAMDEN,13,927,5.8,9.6,6.0844120819848975
CAMDEN,14,848,5.683333333333334,9.516666666666667,6.122621855345912
CAMDEN,15,858,5.9,9.660000000000002,6.294522144522144
CAMDEN,16,868,5.75,9.348333333333336,6.085407066052227
CAMDEN,17,1054,5.666666666666667,9.023333333333335,5.963488298545224
CAMDEN,18,1046,5.566666666666666,8.908333333333333,5.834241555130657
CAMDEN,19,968,5.316666666666666,8.688333333333334,5.612241735537189
CAMDEN,20,886,5.166666666666667,8.333333333333332,5.468039879608728
CAMDEN,21,837,5.233333333333333,8.139999999999999,5.547291915571485
CAMDEN,22,756,5.074999999999999,8.008333333333333,5.3976851851851855
CAMDEN,23,628,5.175000000000001,8.025000000000006,5.517993630573248
CITY OF LONDON,0,92,5.2,7.011666666666667,5.173731884057971
CITY OF LONDON,1,90,5.35,7.32,5.438148148148148
CITY OF LONDON,2,65,5.166666666666667,7.053333333333333,5.424358974358974
CITY OF LONDON,3,85,5.566666666666666,7.500000000000002,5.564117647058824
CITY OF LONDON,4,63,5.3,7.166666666666668,5.70079365079365
CITY OF LONDON,5,91,5.566666666666666,8.2,5.99029304029304
CITY OF LONDON,6,99,5.033333333333333,7.5600000000000005,5.312626262626263
CITY OF LONDON,7,146,5.083333333333333,7.375,5.318949771689497
CITY OF LONDON,8,150,5.258333333333333,7.5233333333333325,5.454555555555555
CITY OF LONDON,9,214,5.15,8.671666666666669,5.629828660436137
CITY OF LONDON,10,224,5.2,8.665000000000001,5.6631696428571425
CITY OF LONDON,11,176,5.333333333333333,9.25,5.887784090909091
CITY OF LONDON,12,186,5.208333333333334,8.85,5.6517025089605735
CITY OF LONDON,13,203,5.466666666666667,9.236666666666668,5.8212643678160925
CITY OF LONDON,14,166,5.375,9.683333333333334,5.908734939759036
CITY OF LONDON,15,142,5.233333333333333,8.575000000000001,5.7525821596244135
CITY OF LONDON,16,145,5.45,9.523333333333333,6.120114942528735
CITY OF LONDON,17,168,5.208333333333334,8.631666666666668,5.742361111111111
CITY OF LONDON,18,162,5.083333333333333,7.863333333333333,5.3466049382716045
CITY OF LONDON,19,140,4.841666666666667,7.911666666666668,5.263690476190476
CITY OF LONDON,20,151,4.933333333333334,7.133333333333334,5.071633554083886
CITY OF LONDON,21,133,4.75,7.659999999999999,5.140100250626566
CITY OF LONDON,22,126,5.258333333333333,8.391666666666666,5.361772486772487
CITY OF LONDON,23,104,5.141666666666667,8.095,5.436538461538461
CROYDON,0,493,5.35,8.436666666666667,5.694692359702501
CROYDON,1,434,5.941666666666666,8.896666666666665,6.176036866359447
CROYDON,2,344,5.716666666666667,8.933333333333334,6.229166666666667
CROYDON,3,333,5.833333333333333,9.583333333333334,6.312712712712712
CROYDON,4,284,5.775,8.756666666666668,6.105633802816901
CROYDON,5,354,6.083333333333333,8.941666666666666,6.308709981167608
CROYDON,6,409,5.683333333333334,8.54,5.949470252648737
CROYDON,7,562,5.408333333333333,8.930000000000001,5.860142348754448
CROYDON,8,666,5.191666666666666,8.616666666666667,5.587812812812812
CROYDON,9,801,5.35,9.133333333333333,5.8268414481897635
CROYDON,10,737,5.716666666666667,9.87,6.21558118498417
CROYDON,11,866,6.1083333333333325,10.116666666666667,6.433583525789069
CROYDON,12,866,5.916666666666667,9.566666666666666,6.2419168591224015
CROYDON,13,880,5.875,9.953333333333333,6.231780303030303
CROYDON,14,887,5.616666666666666,9.616666666666667,6.09902292371289
CROYDON,15,983,5.833333333333333,10.173333333333337,6.361207188877586
CROYDON,16,932,5.75,9.913333333333332,6.241845493562232
CROYDON,17,978,5.683333333333334,9.155000000000001,5.981935923653714
CROYDON,18,1105,5.65,9.263333333333334,6.002398190045248
CROYDON,19,997,5.35,8.836666666666666,5.677031093279839
CROYDON,20,1037,5.3,8.866666666666667,5.742719382835101
CROYDON,21,841,5.216666666666667,8.833333333333334,5.632282996432818
CROYDON,22,758,5.45,8.438333333333334,5.709410729991205
CROYDON,23,567,5.266666666666667,8.356666666666667,5.57745443856555
EALING,0,436,5.841666666666667,8.716666666666665,6.0438073394495415
EALING,1,333,6.083333333333333,9.06,6.224574574574574
EALING,2,269,6.333333333333333,9.756666666666668,6.6272614622057
EALING,3,245,5.766666666666667,9.053333333333333,6.233673469387755
EALING,4,249,6.25,9.003333333333334,6.365729585006693
EALING,5,240,6.074999999999999,9.153333333333334,6.085972222222223
EALING,6,246,5.9,9.208333333333332,6.217005420054201
EALING,7,373,5.85,9.013333333333334,6.065415549597856
EALING,8,501,5.533333333333333,9.1,5.850698602794411
EALING,9,568,5.8916666666666675,9.343333333333334,6.0919014084507035
EALING,10,604,6.458333333333334,10.290000000000003,6.63476821192053
EALING,11,628,6.616666666666666,10.955,6.829458598726114
EALING,12,675,6.2,10.170000000000002,6.5576543209876546
EALING,13,653,6.666666666666667,10.36333333333334,6.842266462480858
EALING,14,743,6.5,10.896666666666668,6.787415881561238
EALING,15,657,6.366666666666666,10.446666666666665,6.642212075088787
EALING,16,800,6.45,10.870000000000001,6.809979166666667
EALING,17,807,6.4,10.446666666666665,6.60545229244114
EALING,18,801,6.1,9.916666666666666,6.343071161048689
EALING,19,787,5.75,9.406666666666666,6.0922914019483265
EALING,20,757,6.0,9.706666666666665,6.24220607661823
EALING,21,701,5.866666666666666,9.116666666666667,6.116476462196861
EALING,22,552,5.566666666666666,8.680000000000001,5.825030193236715
EALING,23,490,5.691666666666666,9.4,6.078571428571428
ENFIELD,0,300,6.166666666666667,10.080000000000004,6.680777777777778
ENFIELD,1,282,6.3,9.766666666666667,6.763888888888889
ENFIELD,2,236,6.716666666666667,9.433333333333334,6.778107344632769
ENFIELD,3,206,6.208333333333334,9.525,6.5126213592233
ENFIELD,4,200,6.308333333333334,9.703333333333333,6.6415
ENFIELD,5,158,6.533333333333333,9.721666666666668,6.911919831223628
ENFIELD,6,257,6.166666666666667,9.540000000000001,6.513748378728923
ENFIELD,7,341,6.05,9.466666666666667,6.459530791788856
ENFIELD,8,371,5.95,9.616666666666667,6.263477088948787
ENFIELD,9,409,6.0,10.386666666666667,6.511695191524042
ENFIELD,10,421,6.6,10.833333333333334,7.024267616785432
ENFIELD,11,514,6.525,10.594999999999999,6.792217898832685
ENFIELD,12,489,6.7,10.953333333333333,7.043524199045671
ENFIELD,13,484,6.383333333333334,10.27,6.7885330578512395
ENFIELD,14,586,6.441666666666666,10.633333333333333,6.738907849829351
ENFIELD,15,552,6.508333333333333,10.883333333333333,6.9902173913043475
ENFIELD,16,561,6.533333333333333,10.616666666666667,6.786601307189542
ENFIELD,17,594,6.333333333333333,10.445,6.727216610549944
ENFIELD,18,647,6.083333333333333,9.756666666666664,6.5768933539412675
ENFIELD,19,601,5.783333333333333,9.383333333333333,6.174070992789795
ENFIELD,20,571,5.883333333333334,9.7,6.334033858727379
ENFIELD,21,530,5.6,9.4,6.083427672955975
ENFIELD,22,428,5.85,9.055000000000001,6.151207165109034
ENFIELD,23,440,5.916666666666667,10.15,6.512689393939394
GREENWICH,0,342,5.625,8.616666666666667,5.9639863547758285
GREENWICH,1,324,5.991666666666667,8.661666666666665,6.239557613168724
GREENWICH,2,238,5.733333333333333,8.611666666666668,6.13046218487395
GREENWICH,3,245,6.0,9.143333333333333,6.244013605442177
GREENWICH,4,187,5.7,9.543333333333335,6.143761140819965
GREENWICH,5,217,6.05,9.85,6.589170506912442
GREENWICH,6,308,6.1083333333333325,9.338333333333335,6.195292207792208
GREENWICH,7,392,5.8916666666666675,9.376666666666669,6.309608843537415
GREENWICH,8,495,5.433333333333334,9.203333333333335,5.807104377104378
GREENWICH,9,549,5.566666666666666,9.1,5.855950212507589
GREENWICH,10,506,5.675000000000001,9.341666666666667,6.024934123847167
GREENWICH,11,606,5.875,10.308333333333334,6.410946094609461
GREENWICH,12,646,6.041666666666666,10.391666666666666,6.496517027863777
GREENWICH,13,645,6.116666666666666,10.45,6.525012919896641
GREENWICH,14,632,5.9,10.024999999999999,6.316851265822785
GREENWICH,15,626,5.733333333333333,9.291666666666668,6.126970181043663
GREENWICH,16,698,6.0,9.970000000000004,6.327769818529132
GREENWICH,17,713,5.85,9.660000000000007,6.21372136512389
GREENWICH,18,755,5.683333333333334,9.433333333333334,6.155739514348785
GREENWICH,19,718,5.6,9.376666666666669,6.05591922005571
GREENWICH,20,607,5.516666666666667,8.766666666666667,5.882399780340473
GREENWICH,21,596,5.5,9.425,5.8651845637583895
GREENWICH,22,501,5.166666666666667,8.25,5.462408516300732
GREENWICH,23,464,5.491666666666667,8.856666666666667,5.928807471264368
HACKNEY,0,518,5.266666666666667,7.543333333333334,5.40466537966538
HACKNEY,1,401,5.383333333333334,7.783333333333333,5.549958437240233
HACKNEY,2,350,5.516666666666667,8.085,5.827571428571429
HACKNEY,3,356,5.666666666666667,8.491666666666667,5.930571161048689
HACKNEY,4,254,5.55,7.59,5.705380577427822
HACKNEY,5,250,5.541666666666666,7.843333333333333,5.722333333333333
HACKNEY,6,311,5.366666666666666,8.4,5.701822079314041
HACKNEY,7,415,5.033333333333333,7.760000000000001,5.3938152610441765
HACKNEY,8,555,5.35,8.35,5.645465465465465
HACKNEY,9,748,5.441666666666666,8.371666666666668,5.759781639928699
HACKNEY,10,752,5.425000000000001,8.578333333333333,5.716422872340425
HACKNEY,11,820,5.866666666666666,9.368333333333334,6.268882113821139
HACKNEY,12,760,5.416666666666667,8.941666666666668,5.781315789473685
HACKNEY,13,761,5.55,8.866666666666667,5.8243320192728865
HACKNEY,14,763,5.416666666666667,8.933333333333334,5.759851463521188
HACKNEY,15,773,5.533333333333333,8.633333333333333,5.776153514445881
HACKNEY,16,883,5.666666666666667,9.303333333333338,6.028501321253303
HACKNEY,17,834,5.466666666666667,8.99666666666667,5.829556354916067
HACKNEY,18,805,5.416666666666667,8.853333333333335,5.845155279503106
HACKNEY,19,904,5.3916666666666675,8.15,5.593473451327434
HACKNEY,20,863,5.183333333333334,7.933333333333334,5.395538818076478
HACKNEY,21,769,5.183333333333334,7.920000000000001,5.484698742956221
HACKNEY,22,681,5.066666666666666,7.633333333333334,5.26796377875673
HACKNEY,23,603,5.4,8.116666666666667,5.629712548369265
HAMMERSMITH AND FULHAM,0,399,5.1,7.5299999999999985,5.3691311612364245
HAMMERSMITH AND FULHAM,1,337,5.266666666666667,7.333333333333333,5.449455984174085
HAMMERSMITH AND FULHAM,2,267,5.2,7.203333333333334,5.320349563046192
HAMMERSMITH AND FULHAM,3,249,5.3,8.193333333333333,5.74805890227577
HAMMERSMITH AND FULHAM,4,183,4.916666666666667,6.996666666666668,5.2071038251366115
HAMMERSMITH AND FULHAM,5,210,4.991666666666667,7.263333333333333,5.252380952380952
HAMMERSMITH AND FULHAM,6,222,5.041666666666666,7.623333333333334,5.488363363363364
HAMMERSMITH AND FULHAM,7,335,5.183333333333334,7.75,5.499004975124378
HAMMERSMITH AND FULHAM,8,487,5.033333333333333,7.880000000000001,5.377618069815195
HAMMERSMITH AND FULHAM,9,494,5.15,7.823333333333332,5.364035087719299
HAMMERSMITH AND FULHAM,10,527,5.383333333333334,9.083333333333334,5.782226438962682
HAMMERSMITH AND FULHAM,11,668,5.8,9.310000000000002,6.1657934131736525
HAMMERSMITH AND FULHAM,12,673,5.866666666666666,9.490000000000004,6.093957404655771
HAMMERSMITH AND FULHAM,13,649,5.616666666666666,9.590000000000002,6.027966101694916
HAMMERSMITH AND FULHAM,14,608,5.75,8.991666666666672,6.037746710526315
HAMMERSMITH AND FULHAM,15,642,5.6083333333333325,8.915,5.882710280373831
HAMMERSMITH AND FULHAM,16,704,5.566666666666666,8.930000000000003,5.933641098484849
HAMMERSMITH AND FULHAM,17,750,5.633333333333334,9.208333333333334,6.090422222222222
HAMMERSMITH AND FULHAM,18,717,5.316666666666666,8.94,5.755602045560204
HAMMERSMITH AND FULHAM,19,718,4.916666666666667,7.838333333333334,5.2260445682451255
HAMMERSMITH AND FULHAM,20,596,4.916666666666667,7.5,5.194770693512305
HAMMERSMITH AND FULHAM,21,522,4.833333333333333,7.433333333333334,5.075191570881226
HAMMERSMITH AND FULHAM,22,507,4.866666666666666,7.506666666666667,5.131492439184747
HAMMERSMITH AND FULHAM,23,432,4.883333333333334,7.433333333333334,5.190547839506173
HARINGEY,0,367,5.566666666666666,8.216666666666667,5.761398728428701
HARINGEY,1,332,5.366666666666666,8.043333333333337,5.707730923694779
HARINGEY,2,250,5.75,8.405,6.010800000000001
HARINGEY,3,268,5.658333333333333,8.533333333333333,5.832960199004975
HARINGEY,4,211,5.85,8.233333333333333,6.180173775671406
HARINGEY,5,205,5.733333333333333,8.01,6.020894308943089
HARINGEY,6,252,5.525,7.825,5.719708994708994
HARINGEY,7,354,5.275,8.243333333333332,5.6513182674199625
HARINGEY,8,385,5.05,7.993333333333334,5.391774891774892
HARINGEY,9,443,5.116666666666666,8.073333333333334,5.383295711060948
HARINGEY,10,488,5.675000000000001,8.91,5.953381147540983
HARINGEY,11,531,5.8,9.3,6.065285624607658
HARINGEY,12,512,5.683333333333334,8.780000000000001,5.883919270833333
HARINGEY,13,522,5.8,9.531666666666668,6.244476372924649
HARINGEY,14,550,5.866666666666666,9.165000000000004,6.078060606060606
HARINGEY,15,569,5.7,9.106666666666666,5.993848857644991
HARINGEY,16,609,5.733333333333333,9.310000000000002,6.075424192665572
HARINGEY,17,688,5.708333333333334,9.083333333333334,6.066497093023256
HARINGEY,18,690,5.441666666666666,9.118333333333334,5.859492753623189
HARINGEY,19,605,5.333333333333333,8.126666666666667,5.630303030303031
HARINGEY,20,617,5.133333333333334,8.239999999999998,5.520394381415452
HARINGEY,21,573,5.416666666666667,7.963333333333335,5.631442699243746
HARINGEY,22,477,5.483333333333333,7.766666666666667,5.627603074772886
HARINGEY,23,415,5.183333333333334,7.65,5.4201606425702815
HARROW,0,208,6.208333333333334,8.796666666666669,6.381089743589744
HARROW,1,181,6.316666666666666,10.05,6.745948434622468
HARROW,2,143,6.383333333333334,9.066666666666666,6.71107226107226
HARROW,3,151,6.45,9.75,6.966114790286976
HARROW,4,98,5.8,8.75,6.144897959183674
HARROW,5,106,5.933333333333334,8.608333333333334,6.181446540880503
HARROW,6,137,6.016666666666667,8.976666666666668,6.502798053527981
HARROW,7,219,5.966666666666667,8.953333333333333,6.135235920852359
HARROW,8,248,5.658333333333333,8.598333333333334,5.875
HARROW,9,261,5.75,9.033333333333333,6.035185185185186
HARROW,10,280,6.9,10.856666666666666,7.046488095238095
HARROW,11,312,6.433333333333334,11.316666666666666,6.997756410256411
HARROW,12,356,6.425000000000001,10.075,6.7379213483146065
HARROW,13,302,6.533333333333333,10.465,6.988796909492274
HARROW,14,279,6.533333333333333,10.883333333333335,6.888112305854241
HARROW,15,374,6.316666666666666,10.128333333333332,6.787878787878787
HARROW,16,411,6.466666666666667,10.466666666666667,6.759124087591241
HARROW,17,423,6.15,10.08,6.5337273443656425
HARROW,18,346,5.816666666666666,9.575,6.165366088631985
HARROW,19,383,5.916666666666667,9.236666666666668,6.353089643167972
HARROW,20,372,6.025,9.493333333333336,6.334677419354839
HARROW,21,311,5.883333333333334,8.966666666666667,6.184512325830654
HARROW,22,266,5.733333333333333,8.225,6.014661654135339
HARROW,23,227,5.566666666666666,8.33,5.8050660792951545
HAVERING,0,183,6.2,10.180000000000003,6.825045537340619
HAVERING,1,147,6.316666666666666,10.416666666666666,6.901133786848073
HAVERING,2,158,6.85,10.381666666666673,7.160759493670887
HAVERING,3,120,7.008333333333333,9.936666666666667,7.347222222222222
HAVERING,4,128,6.658333333333333,8.558333333333334,6.654166666666667
HAVERING,5,144,6.683333333333334,10.318333333333342,7.02349537037037
HAVERING,6,174,6.733333333333333,9.978333333333333,7.107183908045977
HAVERING,7,202,6.308333333333334,10.083333333333334,6.5232673267326735
HAVERING,8,242,6.016666666666667,10.278333333333334,6.5375344352617075
HAVERING,9,343,5.9,9.41,6.1477648202137996
HAVERING,10,343,6.35,10.393333333333334,6.6401360544217685
HAVERING,11,365,6.666666666666667,11.590000000000002,7.155114155251142
HAVERING,12,384,6.375,10.461666666666666,6.596137152777778
HAVERING,13,347,6.633333333333334,10.723333333333336,6.912199807877041
HAVERING,14,353,6.566666666666666,11.496666666666666,7.04409820585458
HAVERING,15,405,6.266666666666667,10.336666666666668,6.736378600823045
HAVERING,16,475,6.55,10.4,6.933894736842105
HAVERING,17,398,6.1,10.503333333333334,6.600167504187605
HAVERING,18,487,6.016666666666667,9.346666666666668,6.451642710472279
HAVERING,19,417,5.8,9.563333333333334,6.3484012789768185
HAVERING,20,362,5.791666666666666,9.465,6.27817679558011
HAVERING,21,363,5.883333333333334,10.463333333333336,6.598622589531681
HAVERING,22,251,5.95,8.416666666666666,6.174501992031872
HAVERING,23,242,6.175000000000001,9.181666666666667,6.63099173553719
HILLINGDON,0,350,6.558333333333334,10.135,6.978904761904762
HILLINGDON,1,282,6.5,10.731666666666667,7.092789598108747
HILLINGDON,2,240,6.833333333333333,10.335,7.3152083333333335
HILLINGDON,3,244,6.8,10.123333333333333,7.268374316939891
HILLINGDON,4,199,6.716666666666667,10.176666666666668,7.05854271356784
HILLINGDON,5,247,7.1,10.446666666666667,7.398717948717949
HILLINGDON,6,316,6.533333333333333,10.55,6.970253164556961
HILLINGDON,7,483,6.616666666666666,10.956666666666667,7.053416149068323
HILLINGDON,8,527,6.683333333333334,10.963333333333333,7.1691018342821
HILLINGDON,9,521,6.516666666666667,10.033333333333333,6.854542546385157
HILLINGDON,10,618,6.716666666666667,11.016666666666667,7.143365695792881
HILLINGDON,11,670,6.816666666666666,11.116666666666667,7.222960199004975
HILLINGDON,12,658,6.758333333333333,11.076666666666668,7.1462512664640325
HILLINGDON,13,649,6.683333333333334,11.703333333333333,7.2506933744221875
HILLINGDON,14,611,7.083333333333333,11.05,7.426022913256956
HILLINGDON,15,673,6.966666666666667,10.870000000000005,7.269217434373452
HILLINGDON,16,751,6.883333333333334,11.416666666666666,7.443808255659121
HILLINGDON,17,709,6.583333333333333,10.686666666666671,7.056252938410907
HILLINGDON,18,774,6.625,10.451666666666668,6.915590008613265
HILLINGDON,19,726,6.475,9.95,6.905348943985309
HILLINGDON,20,622,6.3916666666666675,10.166666666666666,6.65136655948553
HILLINGDON,21,510,6.133333333333334,9.486666666666666,6.422581699346406
HILLINGDON,22,461,6.483333333333333,9.75,6.6173897324656545
HILLINGDON,23,354,6.008333333333333,9.868333333333332,6.56530131826742
HOUNSLOW,0,313,6.116666666666666,8.523333333333333,6.302502662406816
HOUNSLOW,1,241,6.033333333333333,9.1,6.3118257261410795
HOUNSLOW,2,183,6.133333333333334,9.153333333333334,6.536976320582878
HOUNSLOW,3,148,6.074999999999999,9.386666666666668,6.427364864864865
HOUNSLOW,4,157,6.233333333333333,9.496666666666666,6.5198513800424625
HOUNSLOW,5,185,5.916666666666667,9.36,6.364864864864865
HOUNSLOW,6,252,6.058333333333334,9.646666666666667,6.490740740740741
HOUNSLOW,7,303,5.616666666666666,8.833333333333334,5.974642464246425
HOUNSLOW,8,329,5.533333333333333,9.126666666666667,5.954812563323202
HOUNSLOW,9,390,5.833333333333333,9.116666666666667,5.991581196581197
HOUNSLOW,10,428,5.616666666666666,8.965,5.880646417445482
HOUNSLOW,11,513,6.183333333333334,10.193333333333333,6.532521117608837
HOUNSLOW,12,440,6.083333333333333,10.1,6.43814393939394
HOUNSLOW,13,439,6.083333333333333,9.826666666666664,6.330485952923311
HOUNSLOW,14,508,5.9,10.171666666666667,6.408530183727034
HOUNSLOW,15,458,6.6,11.338333333333335,6.947998544395924
HOUNSLOW,16,541,6.433333333333334,10.5,6.788354898336414
HOUNSLOW,17,663,6.1,10.113333333333335,6.54640522875817
HOUNSLOW,18,590,5.9,10.016666666666667,6.46728813559322
HOUNSLOW,19,549,5.833333333333333,8.92,6.150364298724955
HOUNSLOW,20,540,5.591666666666667,8.57,5.779660493827161
HOUNSLOW,21,479,5.65,8.703333333333333,5.959777313848295
HOUNSLOW,22,415,5.716666666666667,8.520000000000001,5.9288353413654615
HOUNSLOW,23,347,6.033333333333333,8.7,6.242699327569644
ISLINGTON,0,422,5.183333333333334,7.526666666666669,5.397432859399684
ISLINGTON,1,413,5.316666666666666,7.7266666666666675,5.593058918482647
ISLINGTON,2,304,5.6,7.6,5.640789473684211
ISLINGTON,3,362,5.416666666666667,8.031666666666668,5.853499079189687
ISLINGTON,4,282,5.491666666666667,9.203333333333335,5.990307328605201
ISLINGTON,5,213,5.433333333333334,7.48,5.6869327073552425
ISLINGTON,6,299,5.5,7.863333333333332,5.614492753623188
ISLINGTON,7,403,5.116666666666666,7.65,5.457733664185277
ISLINGTON,8,544,5.066666666666666,7.745,5.364185049019608
ISLINGTON,9,592,5.3,8.36,5.554532657657657
ISLINGTON,10,649,5.583333333333333,8.666666666666666,5.9120441705187465
ISLINGTON,11,661,5.65,8.65,5.834291477559254
ISLINGTON,12,749,5.883333333333334,9.366666666666667,6.136226079216734
ISLINGTON,13,633,5.583333333333333,8.75,5.918904686677198
ISLINGTON,14,627,5.533333333333333,9.246666666666666,5.937745879851143
ISLINGTON,15,733,5.566666666666666,8.67666666666667,5.830400181900864
ISLINGTON,16,663,5.366666666666666,8.530000000000001,5.7359979889391655
ISLINGTON,17,747,5.516666666666667,8.633333333333333,5.8269299419901825
ISLINGTON,18,752,5.466666666666667,8.75,5.856405141843971
ISLINGTON,19,834,5.275,8.116666666666667,5.572561950439648
ISLINGTON,20,676,5.116666666666666,7.833333333333333,5.360576923076923
ISLINGTON,21,689,5.05,7.766666666666667,5.281640058055153
ISLINGTON,22,577,5.05,7.583333333333333,5.377267475447718
ISLINGTON,23,520,5.183333333333334,7.3533333333333335,5.369967948717949
KENSINGTON AND CHELSEA,0,376,4.816666666666666,7.233333333333333,5.0497783687943265
KENSINGTON AND CHELSEA,1,321,4.95,7.116666666666666,5.210695742471444
KENSINGTON AND CHELSEA,2,285,4.916666666666667,7.263333333333333,5.177251461988304
KENSINGTON AND CHELSEA,3,265,5.166666666666667,7.1433333333333335,5.32496855345912
KENSINGTON AND CHELSEA,4,201,5.083333333333333,7.166666666666667,5.145854063018242
KENSINGTON AND CHELSEA,5,254,5.183333333333334,7.573333333333333,5.5037401574803155
KENSINGTON AND CHELSEA,6,262,5.066666666666666,7.066666666666666,5.168066157760814
KENSINGTON AND CHELSEA,7,389,4.6,7.283333333333333,4.780848329048843
KENSINGTON AND CHELSEA,8,577,4.666666666666667,7.329999999999999,4.831138070479492
KENSINGTON AND CHELSEA,9,734,4.816666666666666,7.840000000000002,5.05449591280654
KENSINGTON AND CHELSEA,10,700,5.133333333333334,8.533333333333333,5.449357142857143
KENSINGTON AND CHELSEA,11,701,5.416666666666667,8.683333333333334,5.714098906324299
KENSINGTON AND CHELSEA,12,730,5.416666666666667,9.136666666666667,5.680205479452055
KENSINGTON AND CHELSEA,13,800,5.4,8.9,5.586
KENSINGTON AND CHELSEA,14,726,5.233333333333333,8.433333333333334,5.470362718089991
KENSINGTON AND CHELSEA,15,658,5.283333333333333,9.198333333333336,5.69113475177305
KENSINGTON AND CHELSEA,16,643,5.416666666666667,8.813333333333334,5.634007257646449
KENSINGTON AND CHELSEA,17,801,5.25,8.9,5.605867665418227
KENSINGTON AND CHELSEA,18,815,5.05,8.076666666666668,5.2497341513292435
KENSINGTON AND CHELSEA,19,796,4.5,7.275,4.762876884422111
KENSINGTON AND CHELSEA,20,720,4.85,7.618333333333333,5.0685416666666665
KENSINGTON AND CHELSEA,21,612,4.566666666666666,7.343333333333331,4.855555555555555
KENSINGTON AND CHELSEA,22,617,4.516666666666667,6.766666666666667,4.7170718530524045
KENSINGTON AND CHELSEA,23,488,4.683333333333334,6.693333333333334,4.799180327868853
KINGSTON UPON THAMES,0,183,5.933333333333334,9.546666666666667,6.456466302367941
KINGSTON UPON THAMES,1,101,6.116666666666666,9.75,6.377557755775578
KINGSTON UPON THAMES,2,102,5.941666666666666,8.603333333333335,6.215359477124183
KINGSTON UPON THAMES,3,76,6.25,9.408333333333333,6.619956140350877
KINGSTON UPON THAMES,4,85,6.0,8.80666666666667,6.196470588235295
KINGSTON UPON THAMES,5,83,6.516666666666667,9.94,6.955020080321285
KINGSTON UPON THAMES,6,123,5.883333333333334,9.48,6.2635501355013545
KINGSTON UPON THAMES,7,159,5.666666666666667,9.233333333333334,6.017610062893082
KINGSTON UPON THAMES,8,187,5.616666666666666,9.193333333333333,6.189483065953654
KINGSTON UPON THAMES,9,194,5.574999999999999,10.158333333333335,6.192697594501719
KINGSTON UPON THAMES,10,215,6.4,9.453333333333333,6.391937984496124
KINGSTON UPON THAMES,11,232,6.783333333333333,10.741666666666667,7.0209051724137925
KINGSTON UPON THAMES,12,224,6.416666666666667,11.10333333333334,6.714360119047619
KINGSTON UPON THAMES,13,250,6.016666666666667,9.993333333333332,6.368
KINGSTON UPON THAMES,14,236,5.85,10.216666666666665,6.263276836158193
KINGSTON UPON THAMES,15,253,6.066666666666666,9.836666666666668,6.216469038208168
KINGSTON UPON THAMES,16,227,5.516666666666667,9.783333333333333,6.043685756240823
KINGSTON UPON THAMES,17,237,5.8,11.033333333333335,6.593741209563994
KINGSTON UPON THAMES,18,283,5.716666666666667,9.816666666666666,6.134864546525324
KINGSTON UPON THAMES,19,300,5.6416666666666675,9.438333333333334,5.9879444444444445
KINGSTON UPON THAMES,20,246,5.8,9.308333333333334,6.186788617886179
KINGSTON UPON THAMES,21,238,5.658333333333333,9.155000000000001,5.997549019607844
KINGSTON UPON THAMES,22,183,5.666666666666667,8.846666666666668,5.951821493624773
KINGSTON UPON THAMES,23,124,5.5,9.0,6.068951612903225
LAMBETH,0,532,5.033333333333333,7.49166666666667,5.214880952380952
LAMBETH,1,451,5.2,7.683333333333334,5.4362527716186255
LAMBETH,2,423,5.083333333333333,7.463333333333334,5.214223798266352
LAMBETH,3,356,4.975,7.25,5.122846441947566
LAMBETH,4,312,4.8916666666666675,7.546666666666668,5.275106837606837
LAMBETH,5,294,5.016666666666667,7.223333333333333,5.154875283446712
LAMBETH,6,423,4.916666666666667,7.426666666666668,5.091213553979512
LAMBETH,7,518,4.491666666666667,7.15,4.731145431145431
LAMBETH,8,652,4.541666666666666,7.181666666666667,4.8537832310838445
LAMBETH,9,737,4.833333333333333,7.906666666666666,5.148281320669381
LAMBETH,10,844,5.083333333333333,8.583333333333334,5.38349131121643
LAMBETH,11,832,5.133333333333334,8.413333333333332,5.471814903846154
LAMBETH,12,865,5.216666666666667,8.35,5.422755298651253
LAMBETH,13,832,5.116666666666666,8.416666666666666,5.385316506410256
LAMBETH,14,890,4.983333333333333,8.318333333333333,5.34187265917603
LAMBETH,15,879,4.85,7.970000000000001,5.153640500568828
LAMBETH,16,926,4.85,7.9,5.154265658747301
LAMBETH,17,1028,5.083333333333333,8.455,5.406874189364461
LAMBETH,18,1115,4.783333333333333,7.916666666666667,5.147159940209267
LAMBETH,19,1067,4.783333333333333,7.879999999999999,5.1400968447360205
LAMBETH,20,930,4.633333333333334,7.368333333333333,4.933154121863799
LAMBETH,21,833,4.55,7.273333333333337,4.856702681072429
LAMBETH,22,780,4.7,7.068333333333333,4.905491452991453
LAMBETH,23,691,4.833333333333333,7.216666666666667,5.10812831644959
LEWISHAM,0,471,5.583333333333333,8.633333333333333,5.965463552724699
LEWISHAM,1,428,5.716666666666667,8.416666666666666,5.8476246105919
LEWISHAM,2,395,5.516666666666667,8.12666666666667,5.713713080168776
LEWISHAM,3,328,5.941666666666666,8.536666666666669,6.176981707317073
LEWISHAM,4,293,5.883333333333334,8.176666666666668,6.031911262798634
LEWISHAM,5,267,5.65,8.263333333333334,5.895505617977528
LEWISHAM,6,316,5.65,8.208333333333332,5.817827004219409
LEWISHAM,7,415,5.466666666666667,8.253333333333334,5.6471485943775095
LEWISHAM,8,556,5.541666666666666,8.591666666666667,5.692086330935252
LEWISHAM,9,572,5.283333333333333,8.106666666666666,5.556322843822844
LEWISHAM,10,796,5.824999999999999,9.166666666666666,6.147759631490787
LEWISHAM,11,689,5.866666666666666,9.520000000000001,6.160788582486696
LEWISHAM,12,724,6.041666666666666,9.853333333333337,6.2270257826887665
LEWISHAM,13,739,6.033333333333333,9.436666666666667,6.217095173658096
LEWISHAM,14,743,5.883333333333334,9.516666666666667,6.214670255720054
LEWISHAM,15,783,5.766666666666667,9.113333333333335,5.973052362707534
LEWISHAM,16,767,5.8,9.09,6.028031290743155
LEWISHAM,17,941,5.8,8.916666666666666,5.97387530995395
LEWISHAM,18,821,5.666666666666667,8.433333333333334,5.7771822980105565
LEWISHAM,19,835,5.433333333333334,8.3,5.672714570858283
LEWISHAM,20,800,5.383333333333334,8.3,5.6283125
LEWISHAM,21,791,5.166666666666667,7.9,5.350442477876106
LEWISHAM,22,710,5.158333333333333,8.056666666666668,5.432441314553991
LEWISHAM,23,587,5.666666666666667,8.373333333333333,5.747614991482112
MERTON,0,192,5.908333333333333,9.008333333333335,6.197048611111111
MERTON,1,143,6.166666666666667,8.513333333333334,6.265617715617716
MERTON,2,123,6.133333333333334,9.293333333333335,6.551897018970189
MERTON,3,119,5.7,8.05,6.07703081232493
MERTON,4,99,5.466666666666667,8.756666666666666,6.0175084175084175
MERTON,5,117,5.883333333333334,8.943333333333333,6.146866096866097
MERTON,6,130,5.508333333333333,8.713333333333335,5.991538461538461
MERTON,7,197,5.583333333333333,8.706666666666667,6.01082910321489
MERTON,8,247,5.716666666666667,9.073333333333334,5.96302294197031
MERTON,9,271,5.65,8.983333333333333,5.863222632226322
MERTON,10,317,5.95,9.916666666666673,6.261146161934805
MERTON,11,319,6.066666666666666,10.476666666666667,6.676436781609195
MERTON,12,338,6.083333333333333,10.055000000000001,6.4091715976331365
MERTON,13,279,5.95,9.443333333333339,6.336857825567503
MERTON,14,288,5.783333333333333,9.451666666666668,6.028645833333333
MERTON,15,336,5.941666666666666,9.825,6.319791666666666
MERTON,16,340,5.95,8.916666666666666,6.105490196078431
MERTON,17,369,5.833333333333333,9.433333333333334,6.1456639566395665
MERTON,18,402,5.591666666666667,8.798333333333334,5.878233830845772
MERTON,19,329,5.433333333333334,8.733333333333333,5.721833839918946
MERTON,20,316,5.466666666666667,8.633333333333333,5.8199894514767925
MERTON,21,299,5.433333333333334,8.28333333333333,5.675083612040133
MERTON,22,204,5.241666666666667,7.710000000000002,5.493954248366013
MERTON,23,206,5.45,8.725,5.801456310679611
NEWHAM,0,460,5.566666666666666,8.751666666666667,5.884311594202899
NEWHAM,1,355,5.566666666666666,8.243333333333334,5.697840375586854
NEWHAM,2,304,5.791666666666666,8.851666666666667,6.006907894736842
NEWHAM,3,255,5.633333333333334,8.606666666666666,5.889084967320262
NEWHAM,4,274,5.758333333333333,9.091666666666669,6.046958637469586
NEWHAM,5,189,5.516666666666667,8.366666666666667,5.875308641975309
NEWHAM,6,309,5.783333333333333,8.323333333333332,5.892286947141316
NEWHAM,7,357,5.8,8.623333333333335,5.892857142857143
NEWHAM,8,430,5.266666666666667,7.823333333333335,5.420232558139534
NEWHAM,9,483,5.233333333333333,9.106666666666667,5.684334023464459
NEWHAM,10,514,5.741666666666667,8.711666666666666,5.88041504539559
NEWHAM,11,552,5.925000000000001,9.88,6.289341787439613
NEWHAM,12,581,5.833333333333333,9.3,6.095926563396443
NEWHAM,13,601,6.05,10.05,6.363810316139767
NEWHAM,14,617,5.833333333333333,9.673333333333332,6.1578606158833065
NEWHAM,15,652,5.95,9.698333333333332,6.316513292433538
NEWHAM,16,684,5.933333333333334,9.666666666666666,6.360282651072125
NEWHAM,17,730,6.1416666666666675,9.905000000000001,6.499315068493151
NEWHAM,18,763,5.816666666666666,9.563333333333334,6.2138488422892095
NEWHAM,19,695,5.616666666666666,8.986666666666668,5.887913669064748
NEWHAM,20,699,5.7,9.3,6.106008583690987
NEWHAM,21,603,5.466666666666667,8.30666666666667,5.761857379767828
NEWHAM,22,498,5.475,8.281666666666668,5.658868808567604
NEWHAM,23,475,5.366666666666666,8.043333333333335,5.726105263157895
REDBRIDGE,0,303,5.916666666666667,9.620000000000001,6.346864686468646
REDBRIDGE,1,187,5.65,9.163333333333334,6.244117647058824
REDBRIDGE,2,210,6.183333333333334,10.143333333333333,6.616904761904761
REDBRIDGE,3,177,6.1,8.773333333333333,6.342278719397363
REDBRIDGE,4,130,6.1416666666666675,9.588333333333336,6.721794871794872
REDBRIDGE,5,172,6.291666666666666,9.763333333333334,6.731492248062015
REDBRIDGE,6,197,5.85,9.09,6.244670050761422
REDBRIDGE,7,214,5.958333333333334,9.420000000000002,6.321728971962616
REDBRIDGE,8,263,5.516666666666667,9.186666666666667,5.903041825095057
REDBRIDGE,9,300,5.65,9.353333333333333,6.085999999999999
REDBRIDGE,10,342,6.316666666666666,10.596666666666668,6.669152046783625
REDBRIDGE,11,383,6.3,10.24,6.670539599651871
REDBRIDGE,12,420,6.258333333333333,10.5,6.62329365079365
REDBRIDGE,13,445,6.566666666666666,10.726666666666667,6.8713857677902626
REDBRIDGE,14,405,6.366666666666666,10.153333333333334,6.601028806584361
REDBRIDGE,15,380,6.708333333333334,11.285,6.963771929824562
REDBRIDGE,16,438,6.216666666666667,10.438333333333334,6.638584474885844
REDBRIDGE,17,481,6.35,10.766666666666667,6.720755370755371
REDBRIDGE,18,475,6.516666666666667,10.070000000000002,6.728561403508772
REDBRIDGE,19,463,6.15,9.65,6.460835133189345
REDBRIDGE,20,423,5.9,9.396666666666667,6.300197005516154
REDBRIDGE,21,353,5.766666666666667,8.920000000000002,6.128470254957507
REDBRIDGE,22,374,5.733333333333333,9.473333333333333,6.138413547237077
REDBRIDGE,23,289,5.683333333333334,8.719999999999999,5.956170703575547
RICHMOND UPON THAMES,0,143,5.716666666666667,8.206666666666665,5.911072261072261
RICHMOND UPON THAMES,1,119,6.1,8.836666666666668,6.382492997198879
RICHMOND UPON THAMES,2,94,6.5,9.838333333333333,6.895921985815603
RICHMOND UPON THAMES,3,94,6.066666666666666,8.205,6.123758865248226
RICHMOND UPON THAMES,4,93,6.166666666666667,9.24333333333333,6.429569892473118
RICHMOND UPON THAMES,5,93,6.433333333333334,9.143333333333333,6.467921146953405
RICHMOND UPON THAMES,6,121,6.233333333333333,8.866666666666667,6.532644628099174
RICHMOND UPON THAMES,7,175,6.05,8.86,6.185142857142858
RICHMOND UPON THAMES,8,220,6.116666666666666,8.585,6.096363636363637
RICHMOND UPON THAMES,9,258,5.8,9.770000000000001,6.291085271317829
RICHMOND UPON THAMES,10,269,6.65,10.353333333333333,6.901115241635688
RICHMOND UPON THAMES,11,305,6.666666666666667,10.270000000000001,6.9725136612021865
RICHMOND UPON THAMES,12,316,6.6416666666666675,10.225000000000001,6.776213080168776
RICHMOND UPON THAMES,13,320,6.824999999999999,10.873333333333335,7.012239583333333
RICHMOND UPON THAMES,14,330,6.633333333333334,10.171666666666667,6.715606060606061
RICHMOND UPON THAMES,15,303,6.683333333333334,10.523333333333335,6.963201320132013
RICHMOND UPON THAMES,16,347,6.316666666666666,11.040000000000003,6.864649375600385
RICHMOND UPON THAMES,17,354,6.266666666666667,9.568333333333333,6.366007532956686
RICHMOND UPON THAMES,18,330,6.008333333333333,9.268333333333334,6.191616161616162
RICHMOND UPON THAMES,19,317,5.683333333333334,8.523333333333335,5.772975814931651
RICHMOND UPON THAMES,20,250,5.55,8.84,5.856133333333333
RICHMOND UPON THAMES,21,275,5.783333333333333,9.496666666666666,6.095151515151516
RICHMOND UPON THAMES,22,232,5.808333333333334,8.433333333333334,5.908189655172414
RICHMOND UPON THAMES,23,180,5.574999999999999,8.516666666666666,5.786944444444445
SOUTHWARK,0,645,5.433333333333334,7.893333333333334,5.6396124031007755
SOUTHWARK,1,453,5.45,7.660000000000001,5.531272994849154
SOUTHWARK,2,370,5.658333333333333,8.235,5.961396396396396
SOUTHWARK,3,376,5.966666666666667,9.008333333333333,6.302792553191489
SOUTHWARK,4,322,5.291666666666666,7.831666666666667,5.6154761904761905
SOUTHWARK,5,336,5.45,8.008333333333333,5.751537698412698
SOUTHWARK,6,417,5.333333333333333,8.186666666666667,5.584212629896084
SOUTHWARK,7,497,5.166666666666667,7.783333333333333,5.320892018779342
SOUTHWARK,8,650,5.183333333333334,7.735,5.372076923076923
SOUTHWARK,9,708,5.216666666666667,7.955000000000001,5.418785310734464
SOUTHWARK,10,792,5.5,8.795,5.821275252525252
SOUTHWARK,11,835,5.65,8.826666666666668,5.91191616766467
SOUTHWARK,12,925,5.583333333333333,8.976666666666667,5.900612612612613
SOUTHWARK,13,821,5.483333333333333,8.583333333333334,5.754120990661795
SOUTHWARK,14,866,5.616666666666666,8.641666666666666,5.843514241724404
SOUTHWARK,15,851,5.533333333333333,8.533333333333333,5.788601645123385
SOUTHWARK,16,970,5.4,8.118333333333334,5.633092783505155
SOUTHWARK,17,1002,5.308333333333334,8.55,5.663489687292082
SOUTHWARK,18,1076,5.45,8.241666666666667,5.655885997521685
SOUTHWARK,19,1081,5.35,8.166666666666666,5.58404255319149
SOUTHWARK,20,1009,5.266666666666667,8.076666666666668,5.547224975222993
SOUTHWARK,21,821,5.066666666666666,7.9,5.364799025578563
SOUTHWARK,22,765,5.05,7.803333333333334,5.3583224400871465
SOUTHWARK,23,667,5.3,7.756666666666666,5.489605197401299
SUTTON,0,188,5.708333333333334,8.671666666666669,6.065514184397163
SUTTON,1,144,5.533333333333333,8.43,5.9341435185185185
SUTTON,2,125,5.766666666666667,8.486666666666666,6.006266666666667
SUTTON,3,136,5.6,7.983333333333334,5.706372549019608
SUTTON,4,117,5.616666666666666,7.866666666666666,5.847293447293447
SUTTON,5,139,5.533333333333333,7.886666666666667,5.684292565947242
SUTTON,6,142,5.475,8.533333333333333,5.977816901408451
SUTTON,7,213,5.316666666666666,7.630000000000001,5.500078247261346
SUTTON,8,297,5.433333333333334,8.576666666666672,5.691863075196409
SUTTON,9,318,5.383333333333333,8.731666666666667,5.733018867924528
SUTTON,10,300,5.55,9.793333333333335,6.035055555555555
SUTTON,11,362,5.558333333333334,9.246666666666668,5.951381215469613
SUTTON,12,383,5.833333333333333,9.776666666666667,6.214795474325501
SUTTON,13,349,5.533333333333333,8.676666666666666,5.687440305635148
SUTTON,14,370,5.691666666666666,8.468333333333334,5.87918918918919
SUTTON,15,365,5.683333333333334,9.180000000000001,6.060639269406392
SUTTON,16,362,5.483333333333333,9.183333333333334,6.0847605893186
SUTTON,17,403,5.45,8.176666666666668,5.586228287841191
SUTTON,18,420,5.675000000000001,8.401666666666667,5.807222222222222
SUTTON,19,438,5.133333333333334,8.153333333333334,5.471423135464231
SUTTON,20,340,5.025,8.22,5.4613725490196074
SUTTON,21,299,5.183333333333334,8.17,5.468171683389075
SUTTON,22,229,5.366666666666666,8.003333333333334,5.598981077147016
SUTTON,23,156,5.291666666666666,7.658333333333333,5.602564102564102
TOWER HAMLETS,0,627,5.166666666666667,8.216666666666667,5.5668261562998405
TOWER HAMLETS,1,540,5.15,7.605,5.478302469135802
TOWER HAMLETS,2,452,5.35,8.228333333333333,5.690302359882006
TOWER HAMLETS,3,493,5.6,8.553333333333335,5.950980392156863
TOWER HAMLETS,4,322,5.324999999999999,7.395000000000002,5.598913043478261
TOWER HAMLETS,5,426,5.466666666666667,8.091666666666667,5.84237089201878
TOWER HAMLETS,6,495,5.3,8.41,5.732693602693603
TOWER HAMLETS,7,632,5.041666666666666,8.713333333333333,5.573892405063291
TOWER HAMLETS,8,622,4.983333333333333,8.116666666666667,5.313853161843515
TOWER HAMLETS,9,766,5.5,8.741666666666667,5.784116623150566
TOWER HAMLETS,10,789,5.5,9.203333333333333,5.842078580481622
TOWER HAMLETS,11,945,5.566666666666666,9.366666666666667,5.9823456790123455
TOWER HAMLETS,12,982,5.716666666666667,9.743333333333332,6.103801765105228
TOWER HAMLETS,13,914,5.666666666666667,9.111666666666668,5.9872355944566005
TOWER HAMLETS,14,923,5.516666666666667,9.116666666666667,5.892109064644276
TOWER HAMLETS,15,991,5.783333333333333,9.616666666666667,6.101564076690211
TOWER HAMLETS,16,1047,5.633333333333334,9.846666666666666,6.199904489016237
TOWER HAMLETS,17,1022,5.35,9.089999999999998,5.803277886497065
TOWER HAMLETS,18,1149,5.383333333333334,9.5,5.870293008413112
TOWER HAMLETS,19,1184,5.383333333333334,9.056666666666668,5.793609234234234
TOWER HAMLETS,20,957,5.066666666666666,8.773333333333333,5.569418321142459
TOWER HAMLETS,21,977,5.2,8.483333333333333,5.553940634595701
TOWER HAMLETS,22,840,5.041666666666666,8.121666666666668,5.395198412698412
TOWER HAMLETS,23,836,5.216666666666667,8.15,5.479764752791068
Unknown,0,37,9.7,12.943333333333333,9.432882882882883
Unknown,1,31,9.116666666666667,15.633333333333333,10.108602150537635
Unknown,2,33,8.75,13.57,9.283333333333333
Unknown,3,28,9.475,13.575000000000001,9.995833333333334
Unknown,4,24,8.491666666666667,13.565,9.544444444444444
Unknown,5,23,10.85,13.126666666666667,9.679710144927537
Unknown,6,39,10.633333333333333,15.353333333333335,10.774358974358973
Unknown,7,42,9.766666666666666,16.696666666666665,10.276587301587302
Unknown,8,55,10.483333333333333,15.1,10.781212121212121
Unknown,9,52,8.975,14.331666666666667,9.47051282051282
Unknown,10,55,9.983333333333333,15.16,9.958787878787879
Unknown,11,62,9.141666666666666,15.785,9.575806451612904
Unknown,12,60,10.841666666666667,15.438333333333333,10.985277777777778
Unknown,13,70,9.466666666666667,13.958333333333334,9.489285714285714
Unknown,14,51,9.416666666666666,15.3,9.759150326797386
Unknown,15,64,9.566666666666666,15.010000000000002,10.223177083333333
Unknown,16,82,10.3,16.208333333333332,10.38150406504065
Unknown,17,71,10.333333333333334,17.016666666666666,10.339671361502347
Unknown,18,98,8.708333333333332,14.131666666666666,9.451360544217687
Unknown,19,95,9.116666666666667,13.586666666666668,9.49719298245614
Unknown,20,63,8.916666666666666,13.90666666666667,9.094444444444445
Unknown,21,61,9.0,15.116666666666667,9.995901639344263
Unknown,22,49,9.85,13.286666666666667,9.708843537414966
Unknown,23,43,8.733333333333333,13.906666666666672,9.257364341085271
WALTHAM FOREST,0,249,5.35,8.223333333333334,5.591432396251673
WALTHAM FOREST,1,256,5.6416666666666675,8.616666666666667,6.025
WALTHAM FOREST,2,157,5.45,7.670000000000001,5.682590233545647
WALTHAM FOREST,3,165,5.383333333333334,8.326666666666666,5.858282828282828
WALTHAM FOREST,4,156,5.75,8.666666666666668,5.890918803418804
WALTHAM FOREST,5,188,5.483333333333333,9.170000000000002,6.10895390070922
WALTHAM FOREST,6,213,5.416666666666667,7.9733333333333345,5.616197183098592
WALTHAM FOREST,7,252,4.883333333333334,8.280000000000001,5.439814814814815
WALTHAM FOREST,8,335,5.083333333333333,8.550000000000002,5.3923383084577114
WALTHAM FOREST,9,479,5.083333333333333,8.7,5.642449547668754
WALTHAM FOREST,10,480,5.625,9.736666666666666,6.093784722222223
WALTHAM FOREST,11,531,6.0,10.083333333333334,6.395825486503453
WALTHAM FOREST,12,562,5.775,10.081666666666667,6.269365361803084
WALTHAM FOREST,13,548,5.841666666666667,9.920000000000002,6.27728102189781
WALTHAM FOREST,14,539,5.7,9.886666666666667,6.178818800247371
WALTHAM FOREST,15,536,5.8,9.983333333333333,6.211162935323383
WALTHAM FOREST,16,550,5.466666666666667,9.988333333333333,6.014060606060606
WALTHAM FOREST,17,546,5.675000000000001,9.875,5.995604395604396
WALTHAM FOREST,18,532,5.033333333333333,9.161666666666667,5.620300751879699
WALTHAM FOREST,19,571,5.116666666666666,8.95,5.513601868067718
WALTHAM FOREST,20,519,5.166666666666667,8.076666666666666,5.383236994219653
WALTHAM FOREST,21,476,5.183333333333334,8.441666666666666,5.412009803921569
WALTHAM FOREST,22,375,5.216666666666667,8.853333333333335,5.746177777777778
WALTHAM FOREST,23,274,5.491666666666667,8.375000000000002,5.702554744525547
WANDSWORTH,0,392,5.208333333333334,7.631666666666668,5.465433673469387
WANDSWORTH,1,290,5.6,8.870000000000001,6.093505747126437
WANDSWORTH,2,306,5.716666666666667,8.816666666666666,6.094226579520697
WANDSWORTH,3,220,5.6,8.42,5.8115151515151515
WANDSWORTH,4,184,5.375,7.951666666666671,5.59284420289855
WANDSWORTH,5,256,5.675000000000001,8.891666666666666,6.033138020833333
WANDSWORTH,6,270,5.491666666666667,8.473333333333333,5.7468518518518525
WANDSWORTH,7,411,5.35,8.066666666666666,5.549229521492295
WANDSWORTH,8,494,5.241666666666667,8.716666666666667,5.63191632928475
WANDSWORTH,9,549,5.133333333333334,8.5,5.565300546448087
WANDSWORTH,10,646,5.841666666666667,9.45,6.187848297213622
WANDSWORTH,11,587,5.733333333333333,10.209999999999999,6.319392390687109
WANDSWORTH,12,648,6.15,9.855,6.4369598765432094
WANDSWORTH,13,706,5.908333333333333,9.958333333333332,6.322237960339943
WANDSWORTH,14,734,5.908333333333333,9.778333333333334,6.367756584922797
WANDSWORTH,15,636,5.558333333333334,9.600000000000001,6.071567085953879
WANDSWORTH,16,758,5.633333333333334,9.70833333333334,6.123548812664907
WANDSWORTH,17,740,5.5,9.083333333333334,5.831418918918919
WANDSWORTH,18,717,5.3,8.906666666666666,5.798884239888424
WANDSWORTH,19,771,5.466666666666667,9.216666666666667,5.882900994379593
WANDSWORTH,20,720,5.3583333333333325,8.818333333333333,5.739791666666666
WANDSWORTH,21,721,5.333333333333333,8.516666666666667,5.620018492834027
WANDSWORTH,22,603,5.183333333333334,8.166666666666666,5.4870646766169155
WANDSWORTH,23,446,5.383333333333334,8.041666666666668,5.655418535127056
WESTMINSTER,0,891,5.25,7.683333333333334,5.549887766554433
WESTMINSTER,1,801,5.233333333333333,7.883333333333334,5.597752808988765
WESTMINSTER,2,700,5.533333333333333,8.003333333333334,5.828690476190476
WESTMINSTER,3,648,5.4,7.766666666666667,5.638348765432099
WESTMINSTER,4,567,5.433333333333334,7.9,5.671722516166961
WESTMINSTER,5,562,5.475,7.733333333333333,5.642615658362989
WESTMINSTER,6,670,5.375,8.333333333333334,5.686194029850746
WESTMINSTER,7,991,5.233333333333333,8.166666666666666,5.565556676757484
WESTMINSTER,8,1292,5.3,8.448333333333334,5.650309597523219
WESTMINSTER,9,1431,5.433333333333334,8.783333333333333,5.85180526438388
WESTMINSTER,10,1410,5.65,9.366666666666667,6.108806146572103
WESTMINSTER,11,1459,5.933333333333334,10.35,6.457676490747087
WESTMINSTER,12,1442,6.1083333333333325,9.55,6.378028201571891
WESTMINSTER,13,1412,5.783333333333333,9.815000000000001,6.256161473087819
WESTMINSTER,14,1356,5.9,9.583333333333334,6.27067354965585
WESTMINSTER,15,1335,5.733333333333333,9.17666666666667,6.024094881398252
WESTMINSTER,16,1380,5.633333333333334,9.418333333333335,6.082850241545894
WESTMINSTER,17,1600,5.716666666666667,9.15,6.080645833333333
WESTMINSTER,18,1693,5.7,9.0,6.073006497341996
WESTMINSTER,19,1722,5.433333333333334,8.683333333333334,5.800890437475803
WESTMINSTER,20,1547,5.2,8.223333333333334,5.5530058177117
WESTMINSTER,21,1314,5.166666666666667,8.116666666666667,5.4986174530695076
WESTMINSTER,22,1232,4.941666666666666,7.648333333333335,5.276122835497835
WESTMINSTER,23,1041,5.15,7.9,5.480771693884086
