IncidentNumber,CalYear,BoroughName,WardName,HourOfCall,ResourceMobilisationId,Resource_Code,PerformanceReporting,DateAndTimeMobilised,DateAndTimeMobile,DateAndTimeArrived,TurnoutTimeSeconds,TravelTimeSeconds,AttendanceTimeSeconds,DateAndTimeLeft,DateAndTimeReturned,DeployedFromStation_Code,DeployedFromStation_Name,DeployedFromLocation,PumpOrder,PlusCode_Code,PlusCode_Description,DelayCodeId,DelayCode_Description
037318-03042021,2021,,,11,5817408,H382,1,2021-04-03 10:18:23+00:00,2021-04-03 10:18:27+00:00,2021-04-03 10:34:28+00:00,4,961,965,2021-04-03 12:20:12+00:00,,H38,Sutton,Home Station,1,Initial,Initial Mobilisation,9,"Traffic, roadworks, etc"
037318-03042021,2021,SURREY,,11,5817408,H382,1,2021-04-03 10:18:23+00:00,2021-04-03 10:18:27+00:00,2021-04-03 10:34:28+00:00,4,961,965,2021-04-03 12:20:12+00:00,,H38,Sutton,Home Station,1,Initial,Initial Mobilisation,9,"Traffic, roadworks, etc"
052081-03052021,2021,,,20,5835162,G401,1,2021-05-03 19:03:01+00:00,2021-05-03 19:05:15+00:00,2021-05-03 19:14:02+00:00,134,527,661,2021-05-03 22:41:46+00:00,,G40,Hayes,Home Station,1,Initial,Initial Mobilisation,9,"Traffic, roadworks, etc"
052081-03052021,2021,SLOUGH,,20,5835162,G401,1,2021-05-03 19:03:01+00:00,2021-05-03 19:05:15+00:00,2021-05-03 19:14:02+00:00,134,527,661,2021-05-03 22:41:46+00:00,,G40,Hayes,Home Station,1,Initial,Initial Mobilisation,9,"Traffic, roadworks, etc"
052081-03052021,2021,,,20,5835163,G561,2,2021-05-03 19:03:14+00:00,2021-05-03 19:04:43+00:00,2021-05-03 19:14:14+00:00,89,571,660,2021-05-03 22:41:06+00:00,,G56,Heathrow,Home Station,2,Initial,Initial Mobilisation,9,"Traffic, roadworks, etc"
052081-03052021,2021,SLOUGH,,20,5835163,G561,2,2021-05-03 19:03:14+00:00,2021-05-03 19:04:43+00:00,2021-05-03 19:14:14+00:00,89,571,660,2021-05-03 22:41:06+00:00,,G56,Heathrow,Home Station,2,Initial,Initial Mobilisation,9,"Traffic, roadworks, etc"
108638-16082021,2021,,Chelsfield,11,5906817,E412,1,2021-08-16 10:32:55+00:00,2021-08-16 10:34:17+00:00,2021-08-16 10:38:43+00:00,82,266,348,2021-08-16 10:41:37+00:00,,E41,Orpington,Home Station,1,Initial,Initial Mobilisation,,
108638-16082021,2021,BROMLEY,Chelsfield,11,5906817,E412,1,2021-08-16 10:32:55+00:00,2021-08-16 10:34:17+00:00,2021-08-16 10:38:43+00:00,82,266,348,2021-08-16 10:41:37+00:00,,E41,Orpington,Home Station,1,Initial,Initial Mobilisation,,
122711-13092021,2021,CITY OF LONDON,CASTLE BAYNARD,13,5924303,A281,1,2021-09-13 12:03:47+00:00,2021-09-13 12:06:46+00:00,2021-09-13 12:07:45+00:00,179,59,238,2021-09-13 12:28:10+00:00,,A28,Dowgate,Home Station,1,Initial,Initial Mobilisation,,
122711-13092021,2021,CITY OF LONDON,QUEENHITHE,13,5924303,A281,1,2021-09-13 12:03:47+00:00,2021-09-13 12:06:46+00:00,2021-09-13 12:07:45+00:00,179,59,238,2021-09-13 12:28:10+00:00,,A28,Dowgate,Home Station,1,Initial,Initial Mobilisation,,
122711-13092021,2021,CITY OF LONDON,CASTLE BAYNARD,13,5924304,H221,2,2021-09-13 12:03:47+00:00,2021-09-13 12:03:59+00:00,2021-09-13 12:07:55+00:00,12,236,248,2021-09-13 12:11:34+00:00,,H22,Lambeth,Home Station,2,Initial,Initial Mobilisation,,
122711-13092021,2021,CITY OF LONDON,QUEENHITHE,13,5924304,H221,2,2021-09-13 12:03:47+00:00,2021-09-13 12:03:59+00:00,2021-09-13 12:07:55+00:00,12,236,248,2021-09-13 12:11:34+00:00,,H22,Lambeth,Home Station,2,Initial,Initial Mobilisation,,
122711-13092021,2021,CITY OF LONDON,CASTLE BAYNARD,13,5924305,E341,Not Used,2021-09-13 12:03:47+00:00,2021-09-13 12:05:09+00:00,2021-09-13 12:11:38+00:00,82,389,471,2021-09-13 12:25:40+00:00,,E34,Dockhead,Home Station,3,Initial,Initial Mobilisation,,
122711-13092021,2021,CITY OF LONDON,QUEENHITHE,13,5924305,E341,Not Used,2021-09-13 12:03:47+00:00,2021-09-13 12:05:09+00:00,2021-09-13 12:11:38+00:00,82,389,471,2021-09-13 12:25:40+00:00,,E34,Dockhead,Home Station,3,Initial,Initial Mobilisation,,
043074-27032022,2022,REDBRIDGE,WANSTEAD PARK,6,6057535,F211,1,2022-03-27 05:25:16+00:00,2022-03-27 05:26:38+00:00,2022-03-27 05:31:48+00:00,82,310,392,2022-03-27 07:29:34+00:00,,F21,Stratford,Home Station,1,Initial,Initial Mobilisation,12,Not held up
043074-27032022,2022,REDBRIDGE,VALENTINES,6,6057535,F211,1,2022-03-27 05:25:16+00:00,2022-03-27 05:26:38+00:00,2022-03-27 05:31:48+00:00,82,310,392,2022-03-27 07:29:34+00:00,,F21,Stratford,Home Station,1,Initial,Initial Mobilisation,12,Not held up
043074-27032022,2022,REDBRIDGE,WANSTEAD PARK,6,6057534,F301,2,2022-03-27 05:25:16+00:00,2022-03-27 05:27:09+00:00,2022-03-27 05:32:00+00:00,113,291,404,2022-03-27 07:28:22+00:00,,F30,Leytonstone,Home Station,2,Initial,Initial Mobilisation,,
043074-27032022,2022,REDBRIDGE,VALENTINES,6,6057534,F301,2,2022-03-27 05:25:16+00:00,2022-03-27 05:27:09+00:00,2022-03-27 05:32:00+00:00,113,291,404,2022-03-27 07:28:22+00:00,,F30,Leytonstone,Home Station,2,Initial,Initial Mobilisation,,
060781-29042022,2022,,,18,6080054,H291,1,2022-04-29 17:48:47+00:00,2022-04-29 17:50:16+00:00,2022-04-29 17:54:46+00:00,89,270,359,2022-04-29 18:56:17+00:00,,H29,Purley,Home Station,1,Initial,Initial Mobilisation,,
060781-29042022,2022,SURREY,,18,6080054,H291,1,2022-04-29 17:48:47+00:00,2022-04-29 17:50:16+00:00,2022-04-29 17:54:46+00:00,89,270,359,2022-04-29 18:56:17+00:00,,H29,Purley,Home Station,1,Initial,Initial Mobilisation,,
083276-10062022,2022,WALTHAM FOREST,HIGH STREET,12,6108325,F361,1,2022-06-10 11:14:45+00:00,2022-06-10 11:15:35+00:00,2022-06-10 11:18:49+00:00,50,194,244,2022-06-10 12:00:42+00:00,,F36,Walthamstow,Home Station,1,Initial,Initial Mobilisation,,
083276-10062022,2022,WALTHAM FOREST,HOE STREET,12,6108325,F361,1,2022-06-10 11:14:45+00:00,2022-06-10 11:15:35+00:00,2022-06-10 11:18:49+00:00,50,194,244,2022-06-10 12:00:42+00:00,,F36,Walthamstow,Home Station,1,Initial,Initial Mobilisation,,
093520-26062022,2022,LAMBETH,STREATHAM COMMON & VALE,12,6121310,H251,1,2022-06-26 11:27:21+00:00,2022-06-26 11:27:50+00:00,2022-06-26 11:35:34+00:00,29,464,493,2022-06-26 15:52:52+00:00,,H25,West Norwood,Home Station,1,Initial,Initial Mobilisation,12,Not held up
093520-26062022,2022,MERTON,LONGTHORNTON,12,6121310,H251,1,2022-06-26 11:27:21+00:00,2022-06-26 11:27:50+00:00,2022-06-26 11:35:34+00:00,29,464,493,2022-06-26 15:52:52+00:00,,H25,West Norwood,Home Station,1,Initial,Initial Mobilisation,12,Not held up
110945-19072022,2022,BARKING AND DAGENHAM,BEAM,14,6140856,F331,1,2022-07-19 13:32:51+00:00,2022-07-19 13:33:27+00:00,2022-07-19 13:36:15+00:00,36,168,204,2022-07-19 20:42:13+00:00,,F40,Wennington,Other Station,1,Initial,Initial Mobilisation,,
110945-19072022,2022,BARKING AND DAGENHAM,VILLAGE,14,6140856,F331,1,2022-07-19 13:32:51+00:00,2022-07-19 13:33:27+00:00,2022-07-19 13:36:15+00:00,36,168,204,2022-07-19 20:42:13+00:00,,F40,Wennington,Other Station,1,Initial,Initial Mobilisation,,
114801-22072022,2022,,,15,6144007,F401,1,2022-07-22 14:42:24+00:00,2022-07-22 14:42:46+00:00,2022-07-22 14:48:10+00:00,22,324,346,2022-07-22 18:39:41+00:00,,F40,Wennington,Home Station,1,Initial,Initial Mobilisation,,
114801-22072022,2022,THURROCK,,15,6144007,F401,1,2022-07-22 14:42:24+00:00,2022-07-22 14:42:46+00:00,2022-07-22 14:48:10+00:00,22,324,346,2022-07-22 18:39:41+00:00,,F40,Wennington,Home Station,1,Initial,Initial Mobilisation,,
140036-22082022,2022,EALING,NORTH ACTON,3,6171647,G261,1,2022-08-22 02:50:04+00:00,2022-08-22 02:51:11+00:00,2022-08-22 02:56:59+00:00,67,348,415,2022-08-22 05:40:54+00:00,,G26,Acton,Home Station,1,Initial,Initial Mobilisation,12,Not held up
140036-22082022,2022,EALING,HANGER HILL,3,6171647,G261,1,2022-08-22 02:50:04+00:00,2022-08-22 02:51:11+00:00,2022-08-22 02:56:59+00:00,67,348,415,2022-08-22 05:40:54+00:00,,G26,Acton,Home Station,1,Initial,Initial Mobilisation,12,Not held up
148346-05092022,2022,,,13,6181528,A351,1,2022-09-05 12:44:22+00:00,2022-09-05 12:44:59+00:00,2022-09-05 12:53:11+00:00,37,492,529,2022-09-05 14:00:00+00:00,,A35,Enfield,Home Station,1,Initial,Initial Mobilisation,8,Traffic calming measures
148346-05092022,2022,ENFIELD,WHITEWEBBS,13,6181528,A351,1,2022-09-05 12:44:22+00:00,2022-09-05 12:44:59+00:00,2022-09-05 12:53:11+00:00,37,492,529,2022-09-05 14:00:00+00:00,,A35,Enfield,Home Station,1,Initial,Initial Mobilisation,8,Traffic calming measures
160218-27092022,2022,ENFIELD,PALMERS GREEN,21,6197680,A361,1,2022-09-27 20:50:30+00:00,2022-09-27 20:51:27+00:00,2022-09-27 20:54:52+00:00,57,205,262,2022-09-27 23:44:30+00:00,,A36,Southgate,Home Station,1,Initial,Initial Mobilisation,,
160218-27092022,2022,HARINGEY,HARRINGAY,21,6197680,A361,1,2022-09-27 20:50:30+00:00,2022-09-27 20:51:27+00:00,2022-09-27 20:54:52+00:00,57,205,262,2022-09-27 23:44:30+00:00,,A36,Southgate,Home Station,1,Initial,Initial Mobilisation,,
160218-27092022,2022,ENFIELD,PALMERS GREEN,21,6197681,A341,2,2022-09-27 20:50:30+00:00,2022-09-27 20:51:19+00:00,2022-09-27 21:07:43+00:00,49,984,1033,2022-09-27 23:34:43+00:00,,A34,Edmonton,Home Station,2,Initial,Initial Mobilisation,12,Not held up
160218-27092022,2022,HARINGEY,HARRINGAY,21,6197681,A341,2,2022-09-27 20:50:30+00:00,2022-09-27 20:51:19+00:00,2022-09-27 21:07:43+00:00,49,984,1033,2022-09-27 23:34:43+00:00,,A34,Edmonton,Home Station,2,Initial,Initial Mobilisation,12,Not held up
202033-12122022,2022,,,1,6256096,H381,1,2022-12-12 01:52:18+00:00,2022-12-12 01:58:39+00:00,2022-12-12 02:00:20+00:00,381,101,482,2022-12-12 04:40:37+00:00,,H38,Sutton,Home Station,1,Initial,Initial Mobilisation,10,Weather conditions
202033-12122022,2022,SURREY,,1,6256096,H381,1,2022-12-12 01:52:18+00:00,2022-12-12 01:58:39+00:00,2022-12-12 02:00:20+00:00,381,101,482,2022-12-12 04:40:37+00:00,,H38,Sutton,Home Station,1,Initial,Initial Mobilisation,10,Weather conditions
202033-12122022,2022,,,1,6256099,H411,2,2022-12-12 01:57:49+00:00,2022-12-12 01:59:57+00:00,2022-12-12 02:17:36+00:00,128,1059,1187,2022-12-12 04:41:19+00:00,,H41,Kingston,Home Station,2,Initial,Initial Mobilisation,10,Weather conditions
202033-12122022,2022,SURREY,,1,6256099,H411,2,2022-12-12 01:57:49+00:00,2022-12-12 01:59:57+00:00,2022-12-12 02:17:36+00:00,128,1059,1187,2022-12-12 04:41:19+00:00,,H41,Kingston,Home Station,2,Initial,Initial Mobilisation,10,Weather conditions
010641-22012023,2023,HOUNSLOW,HOUNSLOW HEATH,14,6286395,G381,1,2023-01-22 14:32:55+00:00,2023-01-22 14:34:27+00:00,2023-01-22 14:39:26+00:00,92,299,391,2023-01-22 16:05:55+00:00,,G38,Heston,Home Station,1,Initial,Initial Mobilisation,12,Not held up
010641-22012023,2023,HOUNSLOW,HESTON CENTRAL,14,6286395,G381,1,2023-01-22 14:32:55+00:00,2023-01-22 14:34:27+00:00,2023-01-22 14:39:26+00:00,92,299,391,2023-01-22 16:05:55+00:00,,G38,Heston,Home Station,1,Initial,Initial Mobilisation,12,Not held up
081505-07062023,2023,BARNET,CHILDS HILL,19,6384761,A401,1,2023-06-07 18:14:33+00:00,2023-06-07 18:16:15+00:00,2023-06-07 18:23:38+00:00,102,443,545,2023-06-07 18:44:25+00:00,,A40,Hendon,Home Station,1,Initial,Initial Mobilisation,9,"Traffic, roadworks, etc"
081505-07062023,2023,BARNET,CRICKLEWOOD,19,6384761,A401,1,2023-06-07 18:14:33+00:00,2023-06-07 18:16:15+00:00,2023-06-07 18:23:38+00:00,102,443,545,2023-06-07 18:44:25+00:00,,A40,Hendon,Home Station,1,Initial,Initial Mobilisation,9,"Traffic, roadworks, etc"
032318-25022024,2024,LAMBETH,STREATHAM COMMON & VALE,18,6594570,H321,1,2024-02-25 18:50:27+00:00,2024-02-25 18:51:43+00:00,2024-02-25 18:54:30+00:00,76,167,243,2024-02-25 22:07:35+00:00,,H32,Norbury,Home Station,1,Initial,Initial Mobilisation,,
032318-25022024,2024,CROYDON,NORBURY & POLLARDS HILL,18,6594570,H321,1,2024-02-25 18:50:27+00:00,2024-02-25 18:51:43+00:00,2024-02-25 18:54:30+00:00,76,167,243,2024-02-25 22:07:35+00:00,,H32,Norbury,Home Station,1,Initial,Initial Mobilisation,,
032318-25022024,2024,LAMBETH,STREATHAM COMMON & VALE,18,6594571,H251,2,2024-02-25 18:52:46+00:00,2024-02-25 18:53:58+00:00,2024-02-25 18:58:55+00:00,72,297,369,2024-02-25 22:21:49+00:00,,H25,West Norwood,Home Station,2,Initial,Initial Mobilisation,,
032318-25022024,2024,CROYDON,NORBURY & POLLARDS HILL,18,6594571,H251,2,2024-02-25 18:52:46+00:00,2024-02-25 18:53:58+00:00,2024-02-25 18:58:55+00:00,72,297,369,2024-02-25 22:21:49+00:00,,H25,West Norwood,Home Station,2,Initial,Initial Mobilisation,,
032318-25022024,2024,LAMBETH,STREATHAM COMMON & VALE,18,6594572,H351,Not Used,2024-02-25 18:52:46+00:00,2024-02-25 18:54:20+00:00,2024-02-25 19:02:06+00:00,94,466,560,2024-02-25 22:26:23+00:00,,H35,Tooting,Home Station,3,Initial,Initial Mobilisation,,
032318-25022024,2024,CROYDON,NORBURY & POLLARDS HILL,18,6594572,H351,Not Used,2024-02-25 18:52:46+00:00,2024-02-25 18:54:20+00:00,2024-02-25 19:02:06+00:00,94,466,560,2024-02-25 22:26:23+00:00,,H35,Tooting,Home Station,3,Initial,Initial Mobilisation,,
107093-02072024,2024,,,18,6699255,G232,1,2024-07-02 17:16:19+00:00,2024-07-02 17:17:13+00:00,2024-07-02 17:24:20+00:00,54,427,481,2024-07-02 18:13:43+00:00,,G23,Hillingdon,Home Station,1,Initial,Initial Mobilisation,12,Not held up
107093-02072024,2024,BUCKINGHAMSHIRE,,18,6699255,G232,1,2024-07-02 17:16:19+00:00,2024-07-02 17:17:13+00:00,2024-07-02 17:24:20+00:00,54,427,481,2024-07-02 18:13:43+00:00,,G23,Hillingdon,Home Station,1,Initial,Initial Mobilisation,12,Not held up
144943-29082024,2024,,,14,6752175,G561,1,2024-08-29 14:01:15+00:00,2024-08-29 14:02:36+00:00,2024-08-29 14:07:26+00:00,81,290,371,2024-08-29 15:37:45+00:00,,G56,Heathrow,Home Station,1,Initial,Initial Mobilisation,12,Not held up
144943-29082024,2024,SLOUGH,,14,6752175,G561,1,2024-08-29 14:01:15+00:00,2024-08-29 14:02:36+00:00,2024-08-29 14:07:26+00:00,81,290,371,2024-08-29 15:37:45+00:00,,G56,Heathrow,Home Station,1,Initial,Initial Mobilisation,12,Not held up
160921-23092024,2024,MERTON,ABBEY,2,6775066,H341,1,2024-09-23 01:26:42+00:00,2024-09-23 01:28:06+00:00,2024-09-23 01:31:21+00:00,84,195,279,2024-09-23 02:03:20+00:00,,H34,Wimbledon,Home Station,1,Initial,Initial Mobilisation,,
160921-23092024,2024,MERTON,WANDLE,2,6775066,H341,1,2024-09-23 01:26:42+00:00,2024-09-23 01:28:06+00:00,2024-09-23 01:31:21+00:00,84,195,279,2024-09-23 02:03:20+00:00,,H34,Wimbledon,Home Station,1,Initial,Initial Mobilisation,,
