borough,total,eligible,excluded_pct
BARKING AND DAGENHAM,7139,7139,0.0
BARNET,12813,12811,0.01560914696011606
BEXLEY,6997,6997,0.0
BRENT,12169,12169,0.0
BROMLEY,9848,9848,0.0
BUCKINGHAMSHIRE,1,0,100.0
CAMDEN,17340,17340,0.0
CITY OF LONDON,3321,3321,0.0
CROYDON,17117,17114,0.01752643570719359
EALING,13115,13115,0.0
ENFIELD,10178,10178,0.0
GREENWICH,12010,12010,0.0
HACKNEY,15129,15129,0.0
HAMMERSMITH AND FULHAM,11896,11896,0.0
HARINGEY,10913,10913,0.0
HARROW,6394,6394,0.0
HAVERING,7033,7033,0.0
HILLINGDON,12195,12195,0.0
HOUNSLOW,9413,9411,0.02124721130352114
ISLINGTON,13344,13344,0.0
KENSINGTON AND CHELSEA,13471,13471,0.0
KINGSTON UPON THAMES,4541,4541,0.0
LAMBETH,17213,17210,0.017428687619824856
LEWISHAM,14767,14767,0.0
MERTON,5982,5980,0.033433634236046395
NEWHAM,12080,12080,0.0
REDBRIDGE,7824,7824,0.0
RICHMOND UPON THAMES,5538,5538,0.0
SLOUGH,1,0,100.0
SOUTHWARK,17255,17255,0.0
SUTTON,6595,6595,0.0
TOWER HAMLETS,18931,18931,0.0
Unknown,1290,1288,0.15503875968991832
WALTHAM FOREST,9489,9489,0.0
WANDSWORTH,12805,12805,0.0
WESTMINSTER,28496,28496,0.0
