hour_gmt,n,median_min,p90_min,mean_min
0,12126,5.55,8.45,5.858248116993788
1,10201,5.65,8.666666666666666,5.9634333235303725
2,8597,5.733333333333333,8.733333333333333,6.087964793920359
3,7989,5.75,8.7,6.088525889765093
4,6810,5.716666666666667,8.616666666666667,6.027966226138032
5,7163,5.766666666666667,8.763333333333337,6.093096467960351
6,8987,5.683333333333334,8.783333333333333,6.014867771966915
7,12008,5.466666666666667,8.683333333333334,5.811719964468132
8,14921,5.383333333333334,8.65,5.716938096195519
9,17112,5.483333333333333,8.933333333333334,5.843261064360293
10,18360,5.816666666666666,9.583333333333334,6.182443718228032
11,19425,6.0,10.026666666666703,6.392924924924925
12,19976,5.966666666666667,9.833333333333334,6.313602155920438
13,19755,5.933333333333334,9.866666666666667,6.3004167721252005
14,19811,5.883333333333334,9.816666666666666,6.264296771154073
15,20180,5.9,9.735000000000035,6.2806937561942515
16,21411,5.883333333333334,9.8,6.290169383338783
17,22921,5.816666666666666,9.566666666666666,6.189197678984338
18,23413,5.666666666666667,9.283333333333333,6.02949429803955
19,22942,5.483333333333333,8.883333333333333,5.819680062766978
20,20788,5.383333333333334,8.683333333333334,5.73717368994933
21,18912,5.333333333333333,8.533333333333333,5.679379935138184
22,16601,5.3,8.266666666666667,5.608618958697267
23,14218,5.433333333333334,8.438333333333352,5.749776105406292
