borough,longest_consecutive_months,review_candidate
BARKING AND DAGENHAM,11,True
BARNET,12,True
BEXLEY,15,True
BRENT,22,True
BROMLEY,23,True
CAMDEN,2,False
CITY OF LONDON,1,False
CROYDON,7,True
EALING,23,True
ENFIELD,23,True
GREENWICH,8,True
HACKNEY,1,False
HAMMERSMITH AND FULHAM,0,False
HARINGEY,0,False
HARROW,12,True
HAVERING,12,True
HILLINGDON,23,True
HOUNSLOW,5,True
ISLINGTON,0,False
KENSINGTON AND CHELSEA,0,False
KINGSTON UPON THAMES,12,True
LAMBETH,0,False
LEWISHAM,1,False
MERTON,3,True
NEWHAM,3,True
REDBRIDGE,23,True
RICHMOND UPON THAMES,8,True
SOUTHWARK,0,False
SUTTON,1,False
TOWER HAMLETS,1,False
Unknown,0,False
WALTHAM FOREST,4,True
WANDSWORTH,1,False
WESTMINSTER,1,False
